review,true_sentiment,predicted_sentiment
unprofessional issue regarding order still waiting executive payment always ordered blink today disappointed,negative,negative
recently ordered item app amounting r approx item missing approx plus showing delivered raising complaint multiple time proper response received automatically deactivating complaint pathetic r purchase delivering r plus item someone buy higher amount product issue happened previously well,negative,negative
service worst like accepted jio specially time festive deal support function call whatsapp worst helpful reach mention email issue resolved yet always received damage product specially biscuit,negative,negative
blinkit need see illegible getting gift default add cart happened several time missing gift accepted person forgotten add gift provide rather saying executive purchase sometimes hurry miss stuff guess company know sure happens others also company taking advantage maybe lead soft scam,negative,negative
horrible experience payment order showed cancelled money debited refund even day customer support chat theyve stopped responding arent picking call even,negative,negative
first zepto nowadays reliable handy platform purchase anything within minute delivery packaging really pretty good vegetable less quantity like ordered kg potato gm cauliflower paid something size small pathetic rest pretty good star side,positive,positive
please dont use app provide worst service delivered product rhey didnt return money cant even reach customer care number doesnt get connected waste compare apps zepto expensive,negative,negative
understand there rain stopped raining hour still unavailable first time checking app friend recommended absolutely regret worst thing dont cash delivery apparently people dont change doesnt mean everyone doesnt,negative,negative
blinkit epitome convenience lucky blinkit store km away house mean get almost everything delivered within minute ordering almost night nothing beat amazon prime doesnt even come close,positive,positive
extremely disappointing app order get placed automatically without confirmation cod also gave free cash say disabled account pathetic service,negative,negative
zepto good app always give bad experience user actually scamming free wallet cash whenever try order using cash wallet free wallet cash display time,negative,negative
honest want give rating useful app quality pathetic customer care dept patheticronak simran nikita one guy help finally aishwarya came somehow resolved issue product got different product shown app u chatting customer care person end conversation u enough time u start chatting,negative,negative
first experience bad delivery timing tracking actual delivery synch despite ordered second time time delivery time received wrong item item ordered replaced similar item want consume tried calling customer care ivr wasnt responsive couldnt get call connected unprofessional sure,negative,negative
popular item available store available platform high cost item available app downloading app mobile phone mere waste reply developer comment use,negative,negative
zeptos app tick order good go waller option make payment say cart unserviceable stupid app customer care service number,negative,negative
amazing order anything want come minute problem get item like several time want korean product delivery charge also high like triple original price product still good,positive,positive
never buy jiomart ordered hyperlocal delivery reliance smart min away location even already hour ive yet received order,negative,negative
worst service placed order day update shown even though registered complaint shown interest updating complaint update first time using app encountered worst service possible give zero star would given interest solving providing proper service customer,negative,negative
really disappointing experience jiomart ordered g pack makhana received open packet one side stapled shut clear product wasnt properly sealed handled unacceptable food item tried initiate return process frustratingly complicated userfriendly reached customer care hoping quick resolution instead kept waiting long time,negative,negative
dear zepto team im extremely disappointed share experience zepto worst ever despite loyal customer ive left feeling ignored undervalued raised concern linkedin unfortunately didnt receive attention deserved lack proper resolution appalling believe retaining important retaining loyal customer congratulation team achievement,negative,negative
selective systematic simple collection first order experience comfortable booking cart selection exciting journey app,positive,negative
app scratchy clean interface also item available known come know receive delivery delivery also slow also sure delivery would done delivery date keep extending day every time check delivery date way get touch customer care call kept waiting eternity lot need done improvement,neutral,negative
ordered printout blinkit always provide print poor quality dont refund amount well waste trust blinkit additional segment,negative,negative
bad experience app time placed order order delivered remaining time got cancelled without telling reason checked customer care said technical issue cant trust app yet uninstalling,negative,negative
added fund zepto ash unable use since many day good also customer support available,neutral,negative
im disappointed zepto noticing sudden drop wallet balance received december valid december today found balance expiry changed feel like scam manipulation especially initially trusting cashback offer im longer using zepto stick apps dont engage misleading tactic experience left frustrated disillusioned,negative,negative
canceled order delivery partner product still listed price deleting app like competitor app even near,negative,negative
bad experince blink st order product seal packed already used someone refund provided coupon actual money dont want use app anymore dont suggest anyone use blink worst application,negative,negative
worst service entire ecommerce system customer service poop dont resolve complaint neatly give clear answer contacted returning product first told phone return would processed later followed instruction raise complaint gave different response entirely keep contradicting dont seem know policy app show product returnable actually return,negative,negative
worst service provided never purchase anything app particularly clothes deliver time u request returnthey never come pick return case even reject return wrong item delivery without informing u one make multiple request might month listen ur complaint,negative,negative
disappointed bad experience able use wallet cash since day complained zepto support kept saying checking avoid invalid transaction blah blah blah also told make order use wallet cash solving problem theyre giving valid response eventually bad experience zepto support ive also emailed everything zepto support id problem resolved,negative,negative
worst app worst experience ordered paying upi app hanged payment money deducted item delivered refund initiated lost r almost scam money properly transferred geddit convenience cant even make proper customer aupport call chat completely irritating mailed incident mraadit support team well proper action except autonatic reply useless app,negative,negative
dint find app useful stuff overpriced top pay handling charge delivery charge high demand surcharge take minute deliver advertise grocery minute taking surcharge deliver min else dont charge extra feel app useful day lazy lethargic step min good bye blinkit,negative,negative
show bill placing order option see payment one view extra charge invoiced like surge charge delivery charge app transparent respect billing,neutral,negative
really appreciate quality item offer always reason chose zepto however noticed new policy requiring minimum order lower price feel bit unfair inconvenient customer may always need order much,positive,negative
earlier app lagging got even trashy u cant even find basic grocery comman use brandsall avaliable previously removed point close app service,negative,negative
ordered cucumber paneer jiomart received cucumber paneer packet missing even though order status show delivered package sealed couldnt check item time provided delivery otp confirmed order delivered item still missing contacted customer care simply said order delivered provided otp,negative,negative
app good useful service also good need lot improvement like app slow even updating app page dont open start searching page disappears please improve quality app,neutral,positive
booked order delivery date mentioned today update app tracking detail app worst atleat local ecom app feature tracking shipment,negative,negative
used instant delivery app complete disaster app promised delivery minute hour order still hadnt arrived contacted customer support idea order much longer would take offered cancel order wasnt helpful already waited long lack communication transparency accountability shocking apps estimated delivery time completely misleading worse exp,negative,negative
mostly receive rotten meat also date expiry product sometimes item may missing order need spend least one hour customer care executive regarding missed item,negative,negative
received order system show delivered possible deliver item without taking delivery code system fault cheating delivery rider disgusting painful customer dent high reputation jiomart appears beginning bigger fraud deliverychain,negative,negative
never seen app like thisit workingi tried many time make orderbut clearly publicity allim fully upsetedwhy working meand wasnt take locationas soon possible find solution,negative,negative
warest scam never seen purchaseing product time show wallet caush applicable still purchased something voucher expire show much bludy frude would like shear picture also photo upload option available,negative,negative
extremely disappointed zepto app wallet feature completely unreliable money wallet unable use caused lot inconvenience reached zepto team via email resolve issue unresponsive unhelpful frustrating deal app doesnt prioritize customer support would recommend app issue resolvedavoid improve service,negative,negative
future badyou cant use tha money jio mart walletsmy request please solve issue,negative,negative
every time app say add item free item adding money also free item add automatically good developer add free item automatically like apps work free item add automatically thats fault app ask add item get item discount free,negative,negative
app inconvenient adding thing cart accidentally clicked proceed button tried cancel next minute didnt let cancel cancelling item basic feature app doesnt working well,negative,negative
day stuck order process delivered day hyperlocal delivery im trying canceling customer care nothing,negative,negative
app disappointing run extremely slowly item stock order canceled side without valid reason even placing order inform last moment location hyperlocation zone waste time,negative,negative
fraud company price product change different phone delivery time never correct time cart unservicable,negative,negative
tried check lower price kept giving error trying minute price updated higher rate checkout miraculously started working nice,negative,negative
like app available location show product blinkit either thats uninstall app show product could get product blinkit another location used show long product well show long product well could get product blanket another location used show long product well like,negative,negative
several glitch app payment deducted order placed hour order accepted required customer care feasible kindly work customer service app,negative,negative
worst service ever app show delivery time less minute delivery guy take min follow executive service team causally tell delivery guy another location service team taking u granted would given minus rating kind service,negative,negative
terrible experience zepto regarding order babspl delivery delayed minute causing lot inconvenience disrupting plan despite reaching chat call support multiple time receive proper response resolution service meet promised standard support team completely unhelpful requested refund poor service havent resolved issue yet highly disappointed,negative,negative
sending expired item getting refund big painu get refund also sure useless appthey put cap quantity item order fast moving frequently ordered product come forced order unwanted product free delivery top entice offer never stock basic item like milk curd never usual conning fooling people reliance relying upon earn profit,negative,negative
useful urgent situation affordable quick,positive,positive
losing patience app quite take money guarantee time delivery min delivery hour delivery,negative,negative
got scammed ordered item added something extra remove surcharge placing order say item unavailable deliver extra item didnt even allow cancel,negative,negative
poor app support ordered delivery boy cancelled order saying unable deliver km show order worst app used ever,negative,negative
running late telling cancelling charge apply order running late got call blinkit delivery partner saying want cancel order going charge cancellation charge delivering everything free actually,negative,negative
bad experience send almost mail refund still havent done progress nothing,negative,negative
zepto one app get high quality grocery product best delivery would done minute believe there good app like zepto highly recommend use app deserves star,positive,positive
dont know say sometimes good time mischievous thing hadnt got refund cancelled order cancelled montgs back ordered another product telling new deleivry date second time vendor saying cancel order cancel sure get refund,negative,negative
updating app able see item wishlisted l click wishlist see recommendation item one ive wishlisted recently order cancelled rescheduling delivery date multiple time think better uninstall app facing issue everytime order something,negative,negative
never close customer issue blinkit support system total corrupted image uploaded person call support bad experience blinkit customer care,negative,negative
face issue last two order placed order ordering show min deliver hour got cancelled order without reson delivered time cancelled without reason recommended anyone application advertise min delivery even delivering half hour worst service use application use blinkit instead zepto,negative,negative
really frustrated ordering recent day proper customer service transferring chat delivery perviously good day worst delivering order bcoz product stock loosing temper system running,negative,negative
dont understand whats wrong zepto didnt get coupon since month wherever got coupon wasnt able use hope team fix problem soon possible recently app even opening,negative,negative
amazing outstanding app zepto far much better blink big basket deliver top quality product every type product available zepto name available delivery guy also kind humble always time never late totally love zepto product service must try,positive,negative
professional order always latesay minute deliver minute cancel well worst delivery partner ever,negative,negative
worst fraud automatically cancel order return prepaid money many call customer care,negative,negative
worst app order got canceled didnt receive amount deducted account customer care option shown complaint also dropped mail regarding didnt get resolution till pathetic service,negative,negative
worst app got wallet showing unavailable want use ordering snack waste time zepto app even provide customer care number,negative,negative
bad experience placed multiple order everytime cancel order even prepaid booking,negative,negative
giving star minimum delivery boy automatically cancel order say reorder thing refunding process also long try contact customer care wont respond problem delivery boy talk decent way worst app ever tried contacting via email chat response side refund showing completed nothing recieved account big scam zepto aware scam,negative,negative
good app service yet place ythe ordered item could delivered emergency situation also product wrongly ordered cant returned,positive,negative
customer care number close raised ticket without result without informed worst experience jio mart send expiry product raised ticket close without informing poor customer support grocery shopping use mart ready best thank,negative,negative
wish could give less one star never terrible experience app placed order th showed arrival date st everyday arrival date would increase would wait long fruit vegetable even option cancel order call customer care said deny order arrives waste time resource also waste deliveryman effort never ordering jiomart,negative,negative
overall experience great one issue annoying select address manually every time even one address case gps cant select last selected address give option make address default every time select address ask adress selection every time open app simple fix havent seen fix since long time,neutral,negative
dont know customer care service raised issue havent received proper solution shared detail day yesterday itseems,negative,negative
horrific experience ever money get deducted order doesnt get placed customer service poor call back anything,negative,negative
always nice experience quick delivery however delivery boy take care drive safely life precious delivering time,positive,positive
worst app got damaged product refund given product taken back please dont use app mental stress app many person call u asks return product proper communication among really first time thinking ordered online product taken back refund amount didnt receive humble request order,negative,negative
st delivery good additional zepto wallet money option zepto wallet cash app making pay real money tried changing location still doest fix able use zepto wallet money,negative,negative
worst app disappointing experience app wallet want use wallet option available initially disappearedi emailed zepto resolve issue supportive didnt respond,negative,negative
whats point pas delivery fee handling fee platform fee youll pay additional amount one way fee ecommerce quick commerce scam,negative,negative
ai help chat bad app much error delivery partner responsive slow app dont time time update he good,negative,negative
hope message find well recently downloaded app seeing extensive advertisement service highlighted fast delivery wide range product however despite excited use service found zepto currently available area could kindly provide clarity whether service expanding location soon option access platform,negative,negative
fantastic experience zepto app incredibly userfriendly making easy navigate place order delivery speed unmatchedtrue promise order arrived minute perfectly packed fresh,positive,positive
oh lovely app lowest rate grocery best thing min delivery app first come town delivery cart rate keep jio thank,positive,positive
theyll say cash price referral referral link wont work great app found playstore offer bunch order offer first order offer festival offer discount etc etc nothing man im uninstalling better take near shop,negative,negative
sometimes vegetable fresh thats major issue ordered seven eight item forgot bring one item staff said received packed packet went back receive green onion ordered day well hope given clean non expired item hope trust blinkit area get see lot reel video internet showing staff deleting expiry date product putting new datedoing fraud please see,positive,negative
actually star disappointing ordered item missing getting refund easy ordered againand order delayed dont know kind service providing,negative,negative
worst app ever get automatically cancelledreturned customer care saying due technical issue happens team even open feedback happen order guy need customer centric atleast app didnt worked correctly,negative,negative
really disappointing day use app using long past inception grofers app customer centric able use coupon code coupon code section blank also raised issue support team grivance tema also help checked login id code available,negative,negative
zepto excellent grocery delivery app offering ultrafast delivery fresh product userfriendly interface provides great discount cashback reward making every purchase valuable reliable efficient perfect hasslefree grocery shopping,positive,positive
previously app filter selecting garment like size fabric etc recently filtering option removed option select brand name time consuming irritating lot effort realise size available fabric required one request either roll back previous version implement necessary filter selection save lot time customer,negative,negative
always awful experience shopping waiting day delivery whole list item doesnt get delivered also u make complaint sent refund wallet doesnt help u way kind service rendering also time product deliver rotten spoiled,negative,negative
quick delivery accompanied great discount without compromise quality,positive,positive
app great product available showing pls fix bug,positive,negative
worst delivery service order supposed arrive december today december still hasnt arrived,negative,negative
ordered grocery worth first hour downloading app hr dt hr received call someone jiomart expressing inability deliver order due absence delivery boy also expressed inability refund hard earned money day cancellation order much unhappy jiomart,negative,negative
option refund amount original payment source instead provide ecoupons additionally delivery charge extremely high disappointing experience app decided permanently boycott application,negative,negative
extremely pathetic experiencesince last day tracking daily refund zepto havent initiated refund yet everytime tell connect senior make fall promise dont initiate refundzepto fooling tue customer showing payment failure issue refunding amountplease dont trust themextremely unprofessional service make false promise every time refund dont initiate refund response customer support,negative,negative
worst app ever use life add biskit namkeen cart pay unexpected change cart order packet milk price biskit namkeen try return order dont give return option,negative,negative
cancell order give promo code instead refund top force use entire amount one go might law india deltnot sure scenario seem exploiting loophole taking customer granted definitely hit business better mend way late,negative,negative
really time saving give u ease get item reasonable price doorstepwhat like policy never put pressure delivery agent give importance safety,positive,negative
please dont waste ur money using jiomartworst service everalways deliver wrong productsand take month year pick return productraising complaint time also useno technical team customer support acting like something needful youbut raise complaint make use wait daysafter day complaint close automaticallyworst worstplz dont buythey show low price compared ajio returned product ajio,negative,negative
worst application ive ever used warning never time show order delivered min lie delivery partner thief neither deliver order theyll pick call status connect support wait response forever transfer chat one another highly recommended youre getting money back,negative,negative
horrible delivery experience waited hour delivery app kept showing min later cancelled store got help customer care,negative,negative
ordered first time delivery covid time safe tracking sync app option select different weight item paytm cashback also received first time user mixed review item delivered good,neutral,negative
product fine fake expired product oxidised biscuit really bad worst thing im unable get touch company executive really worst experience ordering rd time,negative,negative
good service loyalty point increased low thanks,positive,positive
almost always fully priced discount offer mostly old stock near expiry product avoid instead try opt flipkart minute item product fresh hugely discounted price free delivery r platform fee fee,negative,negative
lot issue app payment gateway terrible order dont process payment cod selection lot time however sharing star rating mr vinayak polite competent customer care executive helped solve huge payment related issue quickly big shoutout mr vinayak thanks,positive,negative
money zepto wallet allowing use cashi complained said call number workingdaily messaging free cash waiting use opening app saying applicablethey also order first wallet work otherwise wasted worst app get solution problem order otherwise,negative,negative
slow delivery need work delivery time every time order blinkit first apply delivery charge whereas zepto swiggy give free delivery rupee apart slow delivering order know neglect reading want sustain market need work customer support also resolved issue shameful,negative,negative
edit reducing star company directionless order cancelled without reason almost always never time oldmiles better competition blinkit customer support actually exists function well feel heard whereas blinkit everything ram bharose itll end stealing money sooner later coupon refund gift card etc pretext fingerprint term condition kudos zepto much superior c,negative,negative
bad quality thing providing even cheap quality street good provided product didnt show website returned rejected matching already provided different thing trust delivery partner also without information thing returned,negative,negative
promised delivery done minute reason giving five star soon order good message sent picking show brilliant,positive,negative
worst experience double charged delivery person taking cash even paying gpay proper response customer support even response customer support number even response mail also,negative,negative
worst service many time cancelling order without proper reason intimation time placing order show product avaliable later day cancelled order recent order product missing still app show delivered ticket raised issue still response thatalso delivery agent coming late night seems proper management much interested customer need,negative,negative
ordered many item including sharma ji ka multigrain atta app st october taking parcel atta item missing parcel asked delivery boy mr akash told doesnt know please talk customer care take help order app app refunding money still havent received atta item please dont ordered blinkit app fraud show,negative,negative
bad experience ordered shirt time send small size second time cancelled order poor experience dont buy thing jiomart,negative,negative
best app minute delivery location tracking delivery partner improved need organize app better user friendliness please add dark mode app,positive,positive
order placed delivered fast ordered went whatsapp news etc delivery boy standing door parking ordered good great,positive,positive
gui app usr friendly got delivery next day booked item deliver item suggestion able deliver supply perticular item display item app time required refund money respect undelivered item reduced delivered good th july st july evening still waiting refund,positive,negative
app working properly showing item cant see old order,negative,negative
worst service never order jio mart delivery product delayed better order ecommerce store irresponsible customer care executive dont information order teaching delivery update,negative,negative
time interface extremely slow mobile take good amount time page load even use high speed broadband connection thought using app several time mobile app extremely slow slow dont feel order anymore delivery timlines impressive though stick eta honest good minute delivery take minute book app,negative,negative
havent received order time yet first show min soon order placed traffic area suddenly high exactly placed order min later theyre still packing total time min showed min still packed,negative,negative
terrible app customer support order sound bar prepaid order automatically cancelled order without reason reached customer support keep copy paste reply ask reorder product ask reason cancellation reply reorder technical issue copy paste chat email really terible please dont buy,negative,negative
always lack commitment committed deliver min always silver min much follow ups literally bad infact swiggymart better happens one two time becomes time,negative,negative
im amazed delivery fast availability product different category also good keep,positive,positive
given star one star havent give cause application experience experience application bad make proper catagory making catagories available product add address tracking product experience also bad ordering product old address also showing ordering zepto improve application easy access,positive,negative
showing cunningnessit worst app ever used order cancelled payment debited account even ending second week payment received account felt bad used app,negative,negative
jiomart app website doesnt mention mfg date expiry detail food grocery item supposed compulsory per govt order app toooooo slow response miserably slow pressing button take lot time act,negative,negative
bad service wrong website description productsitems wont deliver time untimely pickup refund day still havent received refund,negative,negative
worst service seen ever ordered grocery item process delivery nowhere got cancelled automatically shouldnt claim providing huge discount intend joke app lack basic function like showing transit process never tell order delivered accurately pathetic,negative,negative
delivery always delayed sometimes surged price appliedat time kindly check apps like bigbasket anything like surged price anything delivery r freenot taking delivery charge surge charge always theregreat marketing strategy fool customer,negative,negative
happy see big discount jiomart compare competitor ui app immature many option require multiple click work slow doesnt easy browsing bb first ever order jiomart missed item scan send negligence service using bb last year want long term customer move ur service improve overall may change star rating,negative,negative
fraud app observing rate two different user location showing different high rate also every time try order apply surge fee even prime passworse app ever fraud,negative,negative
lot issue also support system poor recommended one month waiting refund order dated th june every time getting false assuranceit totally fraud team dont waste time thisthere best option available apart jiomart,negative,negative
order money get debited account order get cancelled location unserviceable app joke case,negative,negative
price higher side difficult process return item one available live chat blinkit wont survive next year continue rip customer hate app,negative,negative
price r competitive certain item packing good delivery super fast zepto useful getting certain item,positive,positive
disheartening received gift box app show delivered today want order change unable contact customer care service worse could place call chat give late reply attitude issue resolve,negative,negative
app available area still seeing advertisement tired watching add either launch service area disable add area way area laxmi nagar delhi,negative,negative
worst experience ever wont ordering sending used defective product multiple time doesnt deliver doorstep,negative,negative
worst experience ever new app good initial order ordered earbuds received damaged fake product branded earbuds discharging quickly there option return even raise concern didnt even get bill product bought cant even claim warranty earbuds brand money wasted say stolen blinkit promise never buy thing blinkit ever even grocery product,negative,negative
good experience slow choose option cod update little bit really giving service,negative,positive
used get protein powder blinkit got counterfeit product ready replace allowing return regular customer two year without single return history faced minor issue also like spoilt egg melted icecream let go issue considering mostly pleasant experience blinkit couldnt also customer care garbage careful,negative,negative
app doesnt support return policy better use app support like instamart others customer support bigger fraud delivery agent wrong product delivered product cost said higher authority take action call call received called customer support told take time still call came later item complaint time closed issue without consent,negative,negative
uninstalling app app charge extra unnecessarily whenever feel like order cancelled even within minute competition give clear option cancellation,negative,negative
worst shopping application ever dont download returnexchange policy customer support service available revert mail chat support revert complaint raised,negative,negative
love order every time easy adorable user fast delivery product available think time letter local shop closed app good keep get available everywhere love btw video editor get help team,positive,positive
order cancelled without reason sometimes refund credited account,negative,negative
regular user blinkit st time ordered earphone earphone working phone requested return replacement could buy another brand completely denied return replacement blinkit return policy electronic item,negative,negative
good sometimes charge delivery fee without amount limitation charging handling fee amazon charge amount order otherwise fine improve handler search,neutral,negative
disgusting delivery service app ordered park avenue signature perfume perfume bottle delivered without spraying cap opened ticket three time saying working better use amazon big basket replace product checking,negative,negative
app slow consume many data delivery agent dont want far single delivery,negative,negative
without confirmation screen directly go pay cash deliveryit showing screen online payment due without informing applied surge fee also checked ordered surge showing bill pay via upi delivery person showing sure amount even dont option cancel orderno customer care number delivery person also told sometime happened due glitch qpp ideally zeptoshuldrefund,negative,negative
app pretty good give three star cash delivery available someone want buy pay online please give cash delivery want purchase something easily give hand cash online payment please cash delivery request,negative,negative
product r costly r charging heavy fee hidden way check urself time payment calculate total cost product charge u paying huge gap,negative,negative
worst shoping app ever cancel order last minute rely anything ask reason always say technical issue every time hate app wish negative star button,negative,negative
worst worst super worst rd grade rotten product get delivered show order delivery say rejected customer pm give product next day contact customer service recorded response,negative,negative
excellent service however discount product customer order every month get cash back please add offer card like hdfc sbi card used maximum corporate people offer getting missed due,positive,negative
ask refund provide promo code doesnt work customer support suck cut call face listing customer rating else would given dont buy product location selection suck disappointed,negative,negative
worst application service dont trust fake app bad experience showing free cash need urgent cant add bill third class application,negative,negative
terrible experience ordering zepto placed order still hadnt arrived despite app showing would delivered minute delivery partner didnt answer call contacted customer service provided vendor number vendor claimed couldnt deliver location far refund would take business day process wish could give zero star,negative,negative
experiance good small suggestion request blikit please check sell product completely sealed ex shampoo bottle sealed completely cap,positive,negative
writing express deep dissatisfaction delivery experience ive jiomart first order receiving call store delivery asking otp order even delivered happened repeatedly feel like attempt cheat systemadditionally delivery service seem unprofessional clear lack proper coordination among staffunintalling app,negative,negative
app fine service im experiencing following issue since first order item missing whichever present damaged good quality response customercare even mailed whatsapped door step delivery im restricted area go delivery vehicle also dellivery guy asking extra tip much disappointed,negative,negative
bad service experience jio mart dont item display understand one two item missing half order cut thank jio mart keep customer service one come writing review call massage coming wasting time please stop business dont know buy rating play store,negative,negative
doesnt deserve star disappointed rd class grocery platform worst service first take order prepaid payment order get auto cancelled cant deliver order take order first place discounted price scam take order cancel ask wait refund amazon fresh way better jio mart atleast doesnt cancel order,negative,negative
worst experience order there proper customer support escalation metrix,negative,negative
fraud please manually add item cost time checkout also provoking order give gift occasion basis actually receive,negative,negative
app good product also top notch delevery charge highif want thing delevery charge handling charge reason give star,positive,negative
loved ease use delivery time limited inventory specially vegetable fruit section time item remain stock dec editing review changing rating blinkit improved stock inventory go app grocery,positive,positive
useless app ordering product get automatically cancelled price increase later give product rating suggest everyone install,negative,negative
ordered item dec morning delivered yet night paid option connect customer care app didnt get item money back option cancelling order tell customer care also connecting,negative,negative
recent update bad experience placing order added item cart showing list check modify item secondly trying place order make payment button active thirdly chat u option working reply fourthly trying log app related complaint order id compulsory useless,negative,negative
first cancel order many time without reason sending stale milk every day complaint simply send refund milk item value delivery charge beared looting customer making c cancel order amount give coupon amount used single time bastard,negative,negative
day ordered flower printed bow clip zepto receive order plain cheap fabric clip return since zepto removed cash delivery option app get wrong product wont return zepto fault youre removing cash delivery option app customer support system telling pay rupee fine get back cash delivery option payment system app,negative,negative
stucks many time searching product land something went wrong page user kill app relaunch considering price compared dmart jiomart costlier bit every product around r costlier explains reason behind free delivery,negative,negative
blinkit ask customer tip delivery person already taking delivery charge app poorly planned way see feedback customer mention manufacturing date product description product info discount offered please improve thing,neutral,negative
worst app ever customer support joker didnt understand problem accidentally select wrong address tried cancel address immediately cancel option tried call delivery partner cancel order didnt receive reaching said called manager say return return optioni contact customer support didnt help,negative,negative
app keep crashing tried different device using app year suddenly started crashing thing happening device house think software issue,neutral,negative
worst app ever use ordered one hell energy watermelon drink get classic hell also take day apps dilevered hour option cancel order,negative,negative
app good first time delivery done rupee nd time rp rp like thing order need rupee charge given blinkit bus get delivered quickly happy see thank blinkit,negative,positive
wrost commercial app even customer care aware product location expected team jio kind service tolarable almost day order day delay also action taken repeated line customer care executive even able cancel order,negative,negative
ive using zepto must say service outstanding prompt delivery fresh product seamless ordering experience make goto choice stand even exceptional customer servicealways helpful responsive quick resolve issue truly fabulous experience every time,positive,positive
charging platform fee additional charge cant even afford normal paper bag really frustrating collect every single item delivery agent hand,negative,negative
terrible experience zepto got milk stored properly hence got spoilt using got packaged milk peda old stock expired worst part customer service bad connect chat bot live people way call get speedy resolution bad product received fed prefer big basket swiggy instamart least get resolution product exchanged required platform,negative,negative
fraud app adding wallet balance account showing expire november amount expired automatically day customer service worst say cant anything,negative,negative
great experience zepto quality level faster delivery great also started saving ton compared big supermarket using zepto saver want company thrive success best luck,positive,positive
great need delivery area improvement cash delivery change issue doubt cash issue everywhere improved worth star,positive,positive
recently returned product didnt get refund also picked code proof service poor specialy customer care agent god worst experience ever never shop jio mart,negative,negative
wrost compare others dont accept return ask u upload product image also bank passbook even uploading image didnt accept return everything outdated going shop anymore,negative,negative
zepto excellent app quick efficient grocery delivery userfriendly interface make shopping seamless offering wide range product competitive price standout feature ultrafast delivery often within minute perfect lastminute need app also provides timely update reliable service multiple payment option ensuring hasslefree experience highly recommended anyone looking convenience speed grocery shopping,positive,positive
never ever try use jio app booking proper communication able cancel order delivery delayed two day,negative,negative
really disgusting app customer care help customer reslove problem faced many problem regarding payment issue money debited twice account return money dont order anything,negative,negative
experience app rollercoaster mumbai amazing definitely deserves star rating however bangalore service terrible give star delivery process frustrating refuse come flat instead call come dont even wait second show lot attitude,negative,negative
worst shopping experience jiomart app placed order payment successfully debited account however within minute order status changed shipped cancelled delivery partner contacted jiomart customer care agent basu utterly unhelpful seemed completely clueless please dont use app refund amount inr showing processed ironically received yet account,negative,negative
recently disappointing experience blinkit ordered kg pack ashirwad aata instead received package already opened delivery despite requesting replacement issue addressed satisfactory manner lack care attention detail concerning im left frustrated overall service hope blinkit take step improve quality customer service,negative,negative
extremely grateful wholesome delivery experience provided blinkit last minute plan easily executed thank much also great price,positive,positive
one worst service provider ever went providing false fraudulent information delivery timeline making order delivery time changing minute whole day,negative,negative
zepto app useful buying new product discount much offer applicable zepto app seen many customer installing daily daily formation purchase less amount product also seen zepto app fastest delivery app india,positive,positive
cheater would negetive rating used ordered dry fruit th august app showed delivery th day check progress show delivery th today check delivery progress imagination show order delivered dont received dont know delivered money blocked cheating app,negative,negative
worst service term refund solving issue coz received defective cable tried reach said contact manufacturer tried contact showing busy lost money fraud zepto delivery service,negative,negative
impressive ui ux need lot improvement add sort option search result add option manage payment method show live location delivery partner order delivery improve scrolling experience hz since feel jittery time send invoice list item ordered email post delivery,neutral,negative
im satisfied zepto personal experienced worst reason promise time delivery less actual timing id diffrent zno professionalism cant watch standard blinkit took much delivery delivered order promised timing received last order time otherwise order took much time,negative,negative
satisfactory convenient busy people instant delivery necessity much need hour suggest keep functional hour convenience otherwise good,positive,positive
pathetic experiencei got msg zepto cash credited im adding product applying zepto cash working showing unavailable try sometime yesterdaybefore option apply got sorted new issue showing getting applied pls solve asap,negative,negative
dont know whats problem location say choose another location still choosing another location opening showing try change location,negative,negative
love appits good available time delay get short period time delivers like everything necessary human survivalit good help u time hope getting bringing thing,positive,positive
deliver fast also started delivering cycle area eco friendly great initiative,positive,positive
recommend one order cheese fridge item cold item come hot spoyl,neutral,negative
worst app placed order also done payment online order visible order tab aap also didnt receive orderif didnt receive money back complain consumer court,negative,negative
actually disappointed service exchange policy takling day expiry product item long expiry exchange policy place mistakemy case surf l top load instead front load happen regular retail store could easily exchanged without issue blinkit need review improve customer experience,negative,negative
great app easy use timely delivery fresh product good deal make grocery shopping super convenient,positive,positive
worst possible company change cancel order day without assigning reason dont buy help section totally helpless siliguri prepaid order delivery date keep extending ordered th st delivery date th st nd cod earlier done great mistake putting prepaid order company worse even two year complain part order cancelled refunded wallet cash back benefit,negative,negative
useful time saving app really helpful case emergency would really appreciate way work help usi would highly recommend daily use thanku time,positive,positive
sell almost everything worst part first wont show item stock one order something already paid amount initiate refund item stock repayment receive week show advance item stock,negative,negative
worst sale service sale service worst blinkit instamart better bought gift gift packaging received without raised exchanging gift packaging somewhere outside need gift someone stuck,negative,negative
ive facing issue cant use cash zepto wallet quite frustrating wallet balance sitting there clear reason solution provided defeat purpose wallet feature cant actually use needed hope resolved soon make experience smoother customer,negative,negative
unprofessional delivery guy ive ever seen steal stuff package every order thats enough cancel order without even attempting deliver show failed delivery,negative,negative
im using app year zepto account kept hold dont reason account kept holdi want restore zepto account zepto wallet solve problem restore account,negative,negative
delivery quick everything could need day day use available blink suggestion would like make ther review available thing dont go different apps like google amazon revives product,positive,positive
worst app ever there proper customer serviceno one responds properly item order deliveredthey wont provide refund alsomy experience worst appi recommend everyone never install useless app,negative,negative
hi account hold without mistake ask customer service help charge price outside like platform fee surge fee minimum cart fee many charge even though take zepto pas item description also showing wrong price vegetable fruit available double hike price outside already shared required image tell problem email senior customer care member solution given,negative,negative
pathetic customer service ordered item got delivery boy said last item available receive refund asked zepto said received item told called boy call recording saying last item available ask zepto refund keep transferring pathetic service using month think time move another platform pathetic guy,negative,negative
good app useful product good food product fresh offer discount though price increased first discount given price high normal bazar market discount allows taken back name handling charge delivery charge order made free delivery charge handling price hike required please try improve thing,positive,positive
using zepto quite time must say delivery service really good within min good delivered range product offer also impressive thing annoys many notification boths app notification sm everything fine,positive,positive
title privacy violation poor service review dec placed order delivery agent repeatedly asked phone number time causing discomfort despite address canceled order refused share number raised complaint zepto taken action resolve incident caused significant distress requested compensation inconvenience privacy violation,negative,negative
unable use zepto cash even really want order thing zepto cash never work thats really disapponting issue even resolved month service provided really disappointing,negative,negative
waste applicationdont installstarting add cash wallet get nice discountslater show zepto cash unavailable month r wallet unable use itim trying contact customer care one respondingreally disappointed frustrated application,negative,negative
almost night oclock forgot buy rava biscuit mother getting angry ordered thinking work yes worked love yaaaaa dilevery also quick try help urgent situation thank blinkit app try,positive,positive
expert delivering expired item make sure always item nearing expire already expired item delivered customer online app introduced make sure waste expired item shop like reliance grocery always delivered customer wastage reduced dont one proper customer care service return exchange allowed refund dont even think ordering vegetable ever,negative,negative
zepto degrading quality promise cashbacks zepto wallet always show unavailable use also add freebee product quite cheaper price get stock time delivery pay back also anything come expired packaging also customer support tell sorry inconvenience return money,negative,negative
theyve updated fastest delivery impressive good discount,positive,positive
amazing app love userfriendly interfere feature app saved much time effort rly nice glitch bug,positive,positive
respected sirmaam inform ordered jio phone next mobile bettery end mobile phone bettery charged properly defective product charged properly called customer service executive told need go jio service center km far away house kindly send someone pick replace product refund money back issue resolved end file legal case,negative,negative
support never trust order delivered support replacement available item spoiled expired chat support always show unavailable doesnt help,negative,negative
customer vadodara facing persistent issue ordering issue app incorrectly identifies address despite using correct address cancellation difficulty dedicated cancel order button must initiate cancellation via chat often order already packed lead wasted time frustration customer well delivery partner request immediate resolution improvement apps address recognition order cancellation,negative,negative
yesterday ordered snack done payment money deducted order placed order cancelled money refunded already day able communicate customer care bcz provided number please refund money back,negative,negative
dont use app fruad app ordered something app found product missing order contacted customer care complained missing product helped customer care person spoke rudely even refund money tha aur,negative,negative
pathetic app working beta version since launch proper app full bug search anything go back page blank scroll fast page blank annoying operate suggestion go check grocery apps working develop according im using grocery apps jiomart next level,negative,negative
app doesnt provide delivery estimate contacting customer support learn close day one day later rather instantly would show right away wouldnt ordered customer support also aggressively closing chat giving user hardly second process reply,negative,negative
laying aap doesnt give complete clarification refund returning item get refund amount deducted coupon amount zepto tell due item become costlier,negative,negative
best review blink blinkit formerly known grofers indian instant delivery service provides grocery essential customer review blinkit mixed user reported receiving item different make ordered faced challenge seeking replacement instance customer mentioned complained asked replacement blinkit delivery partner refused instead blamed cu,positive,positive
wrost customer service ordered boat immortal november product defective one side earbud working connecting device mail today november even havent confirmed replacement return even replying mail besides auto response mail registered complian blinkit consumer court let see happens,negative,negative
pathetic service zepto min showing order arriving min upon complaining customer service executive saying please wait little longer order able provide current status order neither u provide contact detail rider connect,negative,negative
disappointing experience app wallet wanted use option longer available initially option visible day disappeared emailed zepto resolve issue supportive didnt respond extremely frustrating,negative,negative
got free delivery item love app fast delivery good product,positive,positive
absolutely outrageous ordered bonsai fairy tree light twice three time stating correct item sent replacement sent wrong itemmoti tree light repeatedly lodged complaint time assured mistake would corrected yet three time ive received wrong product beyond incompetence customer support even stopped replying number call,negative,negative
zepto amazing quick grocery delivery app easy use great price delivery always super fast goto fresh produce daily essential highly recommend,positive,positive
great ui app quite fast service liked even imported item available purchase amazing,positive,positive
wallet payment option visible new user wanted use wallet option already added money visible kind bug needed fixed soon,negative,negative
scammer promotion tehy show free gift cart value order time delivery say item stock anything customer support suck one senentce help take feedback,negative,negative
app serious issue ordering change phone unable contact delivery boy number helpline also useless min show order delivered earlier estimated time scam,negative,negative
life become easy food item household requirement door step without hassle amazing stuff standard brand fresh egg comfortable buy outside,positive,positive
really amazing zepto app usefull app fast delivery shocking min great good packing thank zepto delivery boy also good behave superb app pls download fast start using cashbacks also top good thanks,positive,positive
pathetic experience app first delivery person find extremely difficult find location also take call keep disconnecting proper customer care service well app show order delivered even get worst experience,negative,negative
quite happy app tried place order grocery paid online order placed thankfully initiated refund within one week super annoying order placed dont know take long refund get initiated dont know satisfactory,negative,negative
always timely delivery great discount prompt customer care item delivered mistake got call sent another delivery bringing left item excellent servicemore satisfiedthank u much zepto,positive,negative
customer support poor order placed even money deducted upi app problem listed support section cant compose report way connect human blinkit,negative,negative
worst experience worst customer care service one pick call wallet showing able get worst app world dont use app already sent mail support mail response uttar wast app guess ur company proper management,negative,negative
experience zepto really bad would rate app star google play refund take way long process order get canceled randomly without reason amount go refund processing take day get money back sometimes even show order successfully delivered never receive product total disappointment,negative,negative
need lot improvement cant cancel order waste time contact customer care attending call,negative,negative
worst app price transparency item price shown without gst gst added silently checkoutalso parcel doesnt come time better use blinkit swigg instamart,negative,negative
loved app nowadays item always missing customer service also bad dont respond delivery guy took actual amounti contacted response team say item missing didnt found clarificationvery good blink gon na buy local store ill uninstall app never gon na purchase guy uninstall app fraud app,negative,negative
zepto app take hell lot time place even small order item app keep crashing showing app functioning close app wait frustrating pas renewed month get please improve app stop crashing ordering item,negative,negative
raised complain instead resolving jio asking much information like photo brand manufacturer resolve day status changed resolved without resolving ticket lost one customer today poor show,negative,negative
dear team zepto uttam kothari frequent user platform recently rewarded zepto cash company however encountered issue trying use reside hyderabad placing order option use zepto cash appear checkout despite selecting item required pay full amount without able utilize zepto cash,negative,negative
booked cod order fresh vegetable appnext day unable cancel order process via app upon contacting jiomart customer surprised know order cancelled advised receive order surprisingi hope facility order cancellation via app may provided future,negative,negative
blinkit good min delievery appit always delievers promised time rated star always take taxesi request low taxesbut u dont mind tax min delievery app,positive,negative
ive tried numerous grocery apps one stand extremely userfriendly interface lightningfast delivery option samedaynextday wide selection product fresh produce meat dairy household essential competitive pricing regular discount seamless checkout process realtime order tracking excellent customer support personalized recommendation digital coupon reward reason gave five star,positive,positive
ordered jio mart service goodbut recently ordered product deed pay cod delevery guy charged extra name survey chargeshe wasnt even able explain survey anyway product delivered good,neutral,negative
blinkit app outstanding everything need delivered minute delivery speed literally fast every order delivered minute crazy deal season sale make shopping experience like wow must install application must option bag delivery,positive,positive
zepto running total scam billing like miscalculation bill seen several time really disappointing zepto option paste screenshots show would really nice,negative,negative
good packaged product avoid fruit vegetable egg exorbitantly charged plus andor quality par street vendor mother dairy booth dont believe try month,neutral,negative
worst experience blinkit ordered product amount r another amount r showing correct order summary invoice amount showing r r also placing order showed one free chocolate amount later priced r mentioned invoice unable process sampling claim company allows itc product get reimbursed seeking help via mail,negative,negative
wrost experience placed order order placed payment also deducted minute order cancelled,negative,negative
item available delivery quick,positive,positive
accepting even location near house gave location indore airport accepted gave location kalani nagar rejected capable delivering somewhere make app gave location kilometer away house accepted tried lot app start close app,negative,negative
worst experience app many glitch ordered product money debited order showing top way connect customer support team refund im never gon na use better go blink swiggy instamart atleast trustworthy,negative,negative
experience nightmare prepaid order showing delivered actually raised complaint ticket show resolved without actual resolution incompetent customer care asking wait hour last hour made mistake ordering prepaid dont know get refund,negative,negative
app using app year almost single complaint time show accepting order yet sometimes accepting zepto cash anyway good platform order grocery aur giving star,positive,negative
im much impressed im someone usually writes review felt application need appreciation delivery agent polite got product time never ordered blink far first time usually order popular application always faced quality issue however blink everything fresh upto mark recommend everyone,positive,positive
need thing urgently good definitely useful nobody get u thing recently made order delivered reasonable period minute mentioned ok receive extra minute personally like app comparative others felt charge reasonable dont want mention name everyone live sustain way,positive,positive
th oct good u spend less advertisement spend employee service qualityfrom last one month delivery time always min time order accepted due high demand got fed servicehv switch blinkit insta mart month backthis app show deliver min take min never show correct pictureu trust u hurry,negative,negative
worst delivery person worst experience sep received order status showing delivered many call delivery person he attending call always call second line jio mart improve many thing otherwise difficult online market,negative,negative
useless app asking signin please invest good amount app smooth work rather spending cr son weeding,negative,negative
exceptionally good service quick delivery hardly ever delay fresh product never faced kind issue used app last minute need really provides super fast delivery,positive,positive
going give two star home delivery service easy pick thing app charge compare demart compare price order first time mess thing like veggie fruit together grocery spoil material hope betterment future,negative,positive
amazing delivery fastplease add variety product,positive,positive
worst experience ever money wallet showing currently unavailable cant use order change rating able use,negative,negative
amazing fast service also great help right away product missing damaged quality plant product app fabulous though little priced thats feedback otherwise good,positive,positive
delivery charge getting higher higher nowadayswhats point kind app order something little smaller amount without pay amount delivery charge product please something order frequently,positive,negative
terrible customer service got empty unsealed box uploaded image got call saying problem side thats explanation customer service person asked go website complaint complaint app,negative,negative
fantastic pocket friendly appvery easy convenient shop every thing available affordable rate enjoyed shopping thanks jio,positive,positive
delivery charged free delivery minimum purchase taking long deliver,positive,negative
careful payment apply surge charge reason mistake checking final bill payment realised surge applied cancelled order get money back put voucher account placed order surge gone one item order automatically disappeared blinkit guy either smart think dumb hence careful,negative,negative
useful app daily need useful need yes fastest delivery provider ever,positive,positive
pay cash upi button wrong place dont want pay cash option mistake touch button order placed instantly option cancel order sometimes difficult arrange cash home change button position,negative,negative
say flat first order applied also amount reduced bill amount u cant chat issue listed zomato style misleading,negative,negative
blinkit team reliable honest ordered silver coin promptly delivered one coin tarnishedcorroded asked delivery boy said raise ticket returnexchange tried doung everytime told concerned team look matter resolve next hour despite day follwing repeated complaint action taken stuck defective corroded coin done highly unprofessional,negative,negative
jiomart service pathetic abysmal time wont refund money undelivered item customer support completely non existent nothing refund hard earned money even email call multiple time,negative,negative
happy order septola first time happy perusa program price difference let go shop work hard everything like cost petrol cost car difference price dont know change perusa quality selected packing material happyso far satisfied product quality delivery service done andiline,positive,positive
ordered lifelong induction oven delivered defective item call return picked update refund initiated refund credited account showing refund must refund money upset zepto today th day yet didnot refund money back took issue central consumer forum zepto customer care called said money ia already credited complete lie fraud money refund process terrible,negative,negative
totally disappointed product availability nothing available location used purchase one year vadodara branded product essential product available milk basket delivered address also want change address milk basket im able milk basket deliver vadodara please reply,negative,negative
though raining area levy rain surcharge amount unnecessarily app support section cant communicate customer supportno option typing problem pre framed question displayed suitable,negative,negative
im extremely frustrated ordering experience every order place consistently get cancelled really disappointing,negative,negative
bad apple less quantity different lower variety delivery time good shared detail concern even day response much arrrogance,negative,negative
going order blinkit anymore shift zepto maida packet received dirty wanted return blinkit refused visible picture sent option throw blinkit lost customer,negative,negative
everything good specially delivery time comfort receive damaged product change easily minute think thats fabulous thing,positive,positive
time order delay dont option whereabout rider instamart blinkit option customer understood rider faced many time good branded product stock like biscuit many product promoting instamart blinkit two grocery app good stock fast delivery time min sorry zepto team improve,negative,negative
perfect thread could variety texture colour type perfect last minute app,positive,positive
ordered item within minute entire order cancelled asked customer care respond worst application ever used,negative,negative
said delivery minute false promise today morning emergency tried place order constantly showing order delivered address since hour showing message earlier delivered dont give fake promise consumer,negative,negative
customer support useless irritating wastage time app lack basic detail like refund item refund status available balance reward point delivery timelinesslots app also doesnt allow pay partially using sodexo eligible item rest payment method also show wrong error message hang lot even though network sudden show network error especially switch one app come back jio mart app,negative,negative
one worst online store bad experience lost money alsoi mailedtwitted spoken customer service refund happen receiving detailsit better always order online store want give negative star online store,negative,negative
time save u appriceable service providing lacking quality day day specially fresh vegetable vegetable stale even spoiled also ordered found missing twice even paying full amount prior delivery amount missing item never refunded,negative,negative
customer support hard get time new age company place virtual assistant limited option name support end customer give seeking support also unfair practice name handling charge surge fee justifiable reason behind,negative,negative
fantastic upto certain time cash delivery option working issue student dont use online payment apps cash delivery option tried contact helpline tbh useless,positive,negative
bad experience zepto didnt get item orderd paid within min give product none item worst ever used,negative,negative
pathetic service day last month delivery got cancelled inspite showing stock available pincode compalining solution reason cancelling order worst experince ever,negative,negative
good app useful give order time product good quality delivering thank blinkit,positive,positive
ordering show deliver within minute always deliver double time dont expect min delivery app boast false claim delivery min,negative,negative
much stuff pushed app cant even click anywhere every product click add stupid popup super saving come order push order time section top show ad screen cant afford sell product advertising company failed startup,negative,negative
placed order amount got debited account order cancelledso reorderd amount got debited got cancelledno option contact customer support issue pathetic,negative,negative
used app good app spam message coupon zepto cash open app none sometime get zepto cash unavailable cant use dont need coupon dont spam fake message reward coupon used month,negative,negative
amazing super delivery fast happy app think best experience ever helpful emergency situation suggest people use app save time,positive,positive
using year stopped using last month im regular blinkit customer monthly billing k k per month stay nd floor last month delivery people coming nd floor asking come get started going near store stopped using blinkit month shocked monthly expense k k started buying loxal store thanks delivery people saving money,negative,negative
using zepto quick delivery recent experience highly disappointing received product completely unhygienic dusty consumablefar acceptable standard raised complaint expected resolution got generic response stating would forward feedback image vendor future reference refund replacement proper resolution provided,negative,negative
good food delivered minute charger little high think work since delivers minute,positive,positive
app super slow even g broadband internet connection work guy launching developer tested iteven crash frequentlytry mend,negative,negative
app customer friendly customer care number cant raise complaint cant return product searching product show less price time ordering product price increase back even couldnt realised ordered,negative,negative
late receiving rotten product especially egg caused lot concern issue repeating issue refund without considering consequence shifted blinkit uninstalled app today,negative,negative
worst app ever proper live tracker app placed order showed minute arrive waited minute road pick order bcz stayed serviceble thats order main road minute bloody rascal cancelled order,negative,negative
delivery bad wait hour get like stop lying people deliver stuff minute like seriously showing front page ui deliver minute bro atleast try word middle order thats taking hour reach like hour already package isnt great job zepto,negative,negative
many issue update already sent email support team day ago update even money wallet wallet would enabled application say due location neighbour using wallet one friend active wallet also add fund wallet checkout there option redeem wallet amount save card detail there option delete card different handling charge different user product,negative,negative
zepto think customer give benefit also give blinkits opened blinkit get benefit offer price zepto also give uparse zepto promotion cash useful anyone get benefit customer also move zepto,negative,negative
app working really great yesterday payed order payment done order placed soon order cancelled didnt got refund ill make sure let everyone know person get scammed also contact number customer care anything except mere email id unresponsive,negative,negative
update worst experience app customer support way cancel orderneither app support support saying dont collect order cancelled automatically wow app option app dont cancel waste app support update seems developer didnt see message fully called customer care first called customer care strange part denied saying able cancel order,negative,negative
ordered grocery twice zipto order cancelled time gave reason end r also deducted day far amount credited account received message zepto refund initiated useless application,negative,negative
dont half hour delivery cancel last order waiting considerable period time bought vegetable outside cook dinner got email confirmation cancellation came deliver order next day pm could called told delivery reattempt proper communication delivery last mistake try buy thing yet,negative,negative
hi ambika faced issue application ordered item priced ordering product price different order got placed price got higher seeking refund priced item connected chat mr shehzad connected call give resolution disconnected call call also kept hold many minute giving reason resolution lost money kindly give refund,negative,negative
installed zepto also took pas membership see available zepto cash balance r adding product cart im unable redeem always showing unavailable there option connect customer care fix bad,negative,negative
scammer first give promotional money zepto app attract people utilised money make fresh purchase collect money bank account cancel order say money refunded day never refund day havent received refund support team unprofessional wont reply email keep wait try chat app scammer use,negative,negative
bad experience app wallet wanted use option available two three day disappeared emailed zepto several time resolve issue supportive didnt respond think fix app first,negative,negative
pathetic shopping experiance many time ordered item paid immidiately order get placed confirmation option select delivery date unlike apps appears order confirmation day funny thing many item entire order get cancelled day delivery date big app,negative,negative
ive ordered good life california pista delivered product right time removed expiry well manufacturing date dont hav clue expiry ive paid full amount receiving expiry product thats egregious n contacted customer service say query b resolved asap day havent even opened packet hope would exchange dont respond pathetic service,negative,negative
zepto lifesaver busy individual living urban area app incredibly userfriendly easy navigate amazed speed delivery order arrived within minute quality product consistently high zepto offer wide variety product grocery household essential customer service excellent always ready assist keep great workzepto,positive,positive
service little bad order one thing andd bring another item order one version product bring version product frozen food delivered late,neutral,negative
terrible customer service sends product seller make rather customer order apps ordered santa dress kid product fit year old kid small product description say year old,negative,negative
dont download app store delivery person run scam dont deliver full item ordered even dont refund amount delivered item scam run company store people,negative,negative
fabulous didnt expect find freaking p everything need daily essential like packaged food item makeup grocery uncommon item like gaming mouse laptop stand bag charger even smartphones available best part everything delivered within min really love service app giving,positive,positive
seems like scam false advertising time regarding zepto cash never made available customer use despise seeing coin stuck put use fix soon guy,neutral,negative
trust app service app suck placed prepaid order app day later order got cancel automatically month since day im trying get refund havent get refund continuously avoiding month getting proper response keep delaying,negative,negative
continous second time order got cancelled delivery person delivery worst experience much disappointed service jiomart,negative,negative
service good good deliver minimum product also quantity product increased else delivery becomes unavailable provide little better service panipat,positive,positive
dont trust application charge amount order later tell order completed clearly see order history call thier customer care sale detail stammer attack resource customer care response senseless even social medium team full stupid fraud company dont even try,negative,negative
app ai customer service speak person refund defective product forced accept replacement even though order something else save time use app unless willing risk losing money convenience illegal offer refund defective good,negative,negative
delivery getting poor day dayfirst high price product like almost twice charge product taken including random charge second thing order getting delivered request reorder,negative,negative
recently ordered product unfortunately didnt fit reached customer service informed dont return policy like amazon flipkart really disappointing see lack flexibility policy please upgrade application per customer requirement,negative,negative
would rated star possible horrible experience many glitch app moreover finally ordered item missing order additional surprise dont respond customer care number wow mean experience reliance l would love buy non indian app amazon,negative,negative
poor customer service ordered first time item app neckpillow worth didnt receive item refund even lodging complaint within hr customer service said shared detail check priority left chat without resolution follow,negative,negative
everytime order something one two product missing raise ticket everytime complain problem jio mart please try solve issue,positive,negative
never seen ghatiya app give star zepto first zepto cash working complain say first place order work till showing unavailable secondly contact customer support picking call also contact email still satisfactory solution,negative,negative
today happened delivery person gave item ran check twice two item missing thrice one item missing time place quantity two moreover delivery person run giving bag check doubt stealing way run say word say everything support team next worst response complaint asked return response,negative,negative
use similar apps worst policy want exchange wrong defective product never assist worst company bottom top delivery partner good,negative,negative
poor design many product listed moment go product detail say available pin code cant product available displayed based shipping zip code several bug ive using almost year nothing fixed expect reliance,negative,negative
blinkit aut add delivery agent tip final bill check deselect tip option always way round many time hurry forget check detail tip delivery agent without consent,negative,negative
raised complaint missing item one responded following email replied stating item delivered responsible received order delivery person informed one item stock advised raise missing item complaint get refund totally fraudulent please buy anything planning raise complaint consumer court,negative,negative
super quality delivery late propose kindly requesting delivery fast,positive,positive
worst shopping app ever used time product stock displaye search lot time taking one shop conviniently,negative,negative
although good platform ordering daily essential engages deceptive marketing product example advertises pansari tilsari edible oil pure sesame oil product actually contains soybean oil despite filing complaint remain unresponsive product continues marketed pure sesame oil,negative,negative
delivery isnt always time sometimes delayed though like wallet concept credit amount wallet case come check totally unsatisfied wallet get blocked every time want order something due surge bad,negative,negative
continously using app past year easy use get delivery time rider also professional,positive,positive
poor service delivery executive always product missing included invoice poor sale service worst app,negative,negative
bad ui send wrong item raised complaint photo proof resolve issue saying delivered ordered item true raising concern returning exchanging option available fraudsters packing item like giving free worst app never recommend worst customer support mean customer support,negative,negative
quick service competitive price except perishable main concern app interface there option filter product brand name option come handy need buy specific product dont want scroll entire inventory find hope add feature future update,neutral,negative
zepto ultimate platform consumer get daily need fabulous scheme look important consumer cost concious timely delivery product good consumer keep good job zepto congratulation effective marvelous job done thanks,positive,positive
missing customer support miss order need bear cost delivery person say responsibility way contact store chat people dont respond customer care never connects order risk,negative,negative
dear worrest delivery servicesthe add given within mnts delivery practically capability service customersi given,negative,negative
highly disappointed decided give try keep using service delivery time much much high took minute supply basic bread butter veggie option show real time update rider show arrived even customer chat service use usp rapid response weather delivery customer service,negative,negative
worst nothing available earlier available app imported item thing selled seller nothing jiomart even biscuit available,negative,negative
easy comfortable thanks blinking always please add plastic good furniturekids clotheswinter wear also dress clothes etc thanks,positive,positive
review title poor service misleading practice review content terrible experience blink service potato shown app one delivered delivery person morning insisted open package claiming potato good assured would replace evening needed however despite waiting entire day one came back resolution provided kind service unacceptable customer deserve hone,negative,negative
ive using zepto app overall like convenience offer however ive run recurring issue trying use zepto wallet cash every time go place order dont get option use wallet balance checkout frustrating id like utilize fund wallet hope issue get resolved soon enjoy smoother experience app able use wallet amount really irritating,negative,negative
bakwas app amount debited account order placed emergency contact number today digital world refund money take working day dont understand didnt deposit check honest weird service havent seen standard app please check mail already shared required detail,negative,negative
removed option filter product hyperlocal market kind stupid add filter select product available hyperlocal marketno one time check full list,negative,negative
worst experience store manager aware timely delivery return process placed order cancelled,negative,negative
bad experience mistake quantity delivery return convert missing item refund,negative,negative
zepto wallet activated added wallet time placinf order making payment option selecting zepto cash balance neither withdraw cash use make purchase disappointed downloaded app since got good review unfortunately u happy app money blocked zepto kindly refund money sourse account ki dly activate wallet immediately waiting quick response,negative,negative
yes delivery fast app price discrepancy issue every time raise issue dont proper support bot system customer stuck unable highlight issue zomato company update zomato company standard fix issue,negative,negative
worst app even available location wont rate enough like live metropolitan area still available,negative,negative
worst app youll get expiredproducts low quality product customer support system worst marketplease dont product application,negative,negative
money debited order reflecting order list dont try reach customer care thinking resolution consider money gone theyll never resolve issue whatever try whatever detail share theyll consider whats reflecting app wont put effort resolve concern youll see default template mail escalation use,negative,negative
ordered uno flip pack zepto received wrong item containsold palying card despite reaching customer support received help resolving issue experience extremely frustrating disappointing expected better service zepto hope improve process avoid issue future,negative,negative
customer experience everything ui delivery bad dont word express never expect big mess big brand dont tell covid reason bad ui delivery mechanism even small vendor deliver quickly effectively also better ui jiomart,negative,negative
one worst app everytime order product got wrong product request return product thay take day dont give refund,negative,negative
blinkit revolutionized grocery shopping experience app incredibly userfriendly making easy navigate vast range product availability fresh produce pantry staple even household essential impressive stand lightningfast delivery blinkit become essential part daily routine highly recommend anyone looking hasslefree shopping experience keep great work,positive,positive
nice delivering fast without breaking anything lol keep hope guy taking care delivery person safty well,positive,positive
mistake log app app allowing log input valid otp,negative,negative
worst app ordered cheese pack received said r refunded still received refund one week also,negative,negative
disappointed refund policy ordered zepto payment mode lazypay payment successful order cancel zepto called many time zepto customer care time mail didnt received refund till due cibil score also impact everytime saying refund working day still month didnt received single order amount never order zepto,negative,negative
dear blinkit team hope youre well recently placed order blinkit encountered issue product delivered without proper packaging packet bit inconvenient item usually come packet like snack dry good etc would great blinkit could ensure appropriately packed delivery,negative,positive
worst delivery experience delivery product pune attempted marked return stating door step accepted customer receive call service experience contacted jio mart delivery partner even raising multiple complaint thank experience delete app,negative,negative
blinkit completely transformed shop grocery app userfriendly product variety impressive stand delivery speed ive received order less minute multiple time packaging neat delivery staff always polite lifesaver lastminute essential highly,positive,positive
really much satisfied app thank u much great service,positive,positive
problem sometimes deliver wrong item among ordered item otherwise like recently giving flawless service thats always prefer use blinkit order anything specially mention excellent quality product packaging,positive,positive
never ever repeat never ever makeup product blink deliver fake product opened product completely dust asked refund executive simply wasted time say cant help shared information video picture proof wasted k blink scam never,negative,negative
delivery man cancel order last moment genuinely didnt like coz firstly app youre showing delivery available particular location last moment delivery man cancelled order disappointed,negative,negative
sending stale bad product surpassing record delivery time control cc give lame excuse order delivered wrong address never compensated delivered ask cancel instead dont eventually delivery partner change updated app even differentiate metro growth market way delivery staff cc rep behave bad experience,negative,negative
parched item themcorn flake kg pasta pizza sauce mayonnaise month validity disgusting thing ordered mushroom validity period item delevery date also item even packed properly item even returnable ill give rating worst app wasting time money,negative,negative
one ordered item missing repoanse chat currently experiencing high volume query unfortunately unable assist moment apologise inconvenience kindly request reach u sometime refund fraud,negative,negative
nice app ordered sanitary pad sent free gift cute packaging opened box found period panty veet pad extra one last thing one qr code containing spotify playlist omgg cute gesture thats appreciatable thanks lot zepto,positive,positive
terrible experience getting many message got cashback wallet whenever trying order option use wallet money option spamming message always order zepto deliver fast continuously spamming message resolving wallet issue,negative,negative
experience zepto good st experience something online always scared shoping online zepto enjoy every time yes credit zepto encouraging online shoping daily give coupon gift shoping thank much good experience forget thanx delivery partner keep growing zepto,positive,negative
charging unnecessary expense order r order took around r extra name surcharge dlivery handling unfortunate initially delivering free much amount realized mistake shouldnt order site one go miter small thing save extra cost r dissatisfied disappointing,negative,negative
ive never seen fraud food delivery app firstly give zepto cash use placed order option redeem finally received order suddenly get message zepto cash expired happens twice scam people uninstalling app,negative,negative
trustable aap fails deliver time charge extra delivery useless app thing min deliver fraud min gone called said product damaged way refund also pathetic,negative,negative
hi zepto really appreciate app wanted bring something attention user add product quickly homepage clicking button twice sometimes get removed instead happens add subtract action spot second faced issue recently hurry placing order product intended add actually removed caused confusion delivery,positive,negative
fast n reliable early morning delivery many thanks delivery partner helped much stay hyderabad unwell could move pls add feature update order item could delivered due stock unavailablilty pls add feature refund exchange product clear certain condition may set thank deepawali wish,positive,positive
worst experience ever ordered item many time always reject order,negative,negative
one worst apps update order cancellationreorder status delivery partner number etc opposite show ad concerned looting customer pas tactic horrible experience,negative,negative
pathetic service experienced life previously placed order app time deliver wrong order tried contact zepto support app usual received pathetic service one answering chat even delivery partner refused replace order answer app simply said item ordered stock dont,negative,negative
slow app improper designing never ever search bar found item youre looking sorry need work replied check internet better check team go rd instead blaming customer,negative,negative
product delivery time within minute problem product solution zeptos idea got money understand good bad product app bad download use carefully,negative,negative
glitch lot refreshes like time minute unable look item,negative,negative
mejor problem app whenever try open past order wishlist take login screen however im already logged unable access past order,negative,negative
ordered speaker also received speaker poor sound quality also fm mode working gone support option asking video product upload video continuosly keep failed failed failed tried upload video atleast time time restarting chat also get option convery message blinkit stuck,negative,negative
using app since placed many order till unable place order getting hypothetical item cant deliver ubr location even unable ordering simple product also,negative,negative
pathetic experience ordered quantity received quantity took payment though didnt gave refund also following every day disappointed,negative,negative
fake application able transfer wallet money add something wallet able also option easy delivery come two order total effect fake application fraud customer,negative,negative
wrote incorrect misleading name product ordered find right item needed refused resolve issue,negative,negative
terrible experience customer value would never recommend anyone purchase grocery jiomart socalled customer support show dont care customer loss,negative,negative
ordered item one brand getting brand acceptable customer service useless close ticket without resolution never observed platform prefer support sodexo else would never,negative,negative
blinkit completely changed way shop grocery essential app incredibly userfriendly delivery super fastoften within minute product quality excellent customer support team always responsive also love wide range item available fresh produce household item lifesaver busy schedule highly recommended,positive,positive
ordered baby safety socket blinkit get exactly shown picture packing bumtum branding raised complaint tried time application every time closed chat declaring photovideo invalid request everyone stay away fraudulent application avoid much,negative,negative
completely scammed blinkt using recently ive ordered blinkit offer ordered ill receive gift ordering divided ordered two part failed apply offer even though total ordered amount complete scam,negative,negative
old age difficult visit market carry back heavy grocery item blinkit made everything simple discounted price dont need search item english name search sooji maida dhania etc give correct result,positive,negative
st experience nice easy clear fast genuine overall best problem couldnt find coupon use st time user,positive,positive
app easy use fairly intuitive product availability inventory issue especially nagpur slightly better mumbai thane either case promise fast delivery almost always point,positive,positive
really user friendly app ordered mistake order cancellation optionworst service ever experienced,negative,negative
mobile app working properly app able display image creates problem selecting item search kindly needful app installed updated version mobile samsung galaxy,positive,negative
thats frustrating delivery time expected delivery time minute actual delivery time minute happens every order rating significant delay order accuracy order correct one egg broken,negative,negative
worst order grocery placed order morning showed order delivered within min already hour order status still show process called customer care mentioned cancel order end order already process also mentioned hyperlocal service yet begun due order delayed terrible service,negative,negative
allowing choose payment option cod worst app ive installed till date even mailed issue ignoring deliberately im able use free cash wallet n able cod worst app,negative,negative
worst app service everytime problem last time unable cancel order even customer service executive dont tell reason able cancel rd class people controlling service delivery delayed respect apps,negative,negative
pathetic experience received amul mozzarella cheddar cheese blend gram packet inlaws place mother received order knew complete order asked otp today checking order amul cheese packet upon asking said ghee packet received product delivered th december asking refund replacement denied option never ever prepaid order,negative,negative
excellent variety excellent delivery time needed absolutely complaint,positive,positive
cant use app first place show place address address suggestion bar say location serviceable despite accessable good locality lack reach fault supposed avail service issue come initial stage one friend also experienced thing,negative,negative
zepto represent speed yet ive ordered time time ive great experience timely delivery continue zepto assure exactly consumer searching foryou one brought minute delivery market would like delivery could accommodate additional categoriesa pleased customer many thanks,positive,positive
zepto doubt best app normally problem time delivery refund quality vegetable thou good anyways yesterday got zepto christmas box minimum quantity ordered found item missing box thou free paid certain amt get free item costing sm worth missing came know watched tube video whoes taken missing item body guess zepto know pilfrage volume,neutral,negative
delievery speed exceptional almost product new latest manufactured date hope delivery person would getting proper safety support blinkit hope also would getting paid enough exceptional service,positive,negative
super fast delivery ordered pm got grocery pm great service amazing experience blinkit fresh produce timely delivery blinkit made life easy traffic jam long queue grocery excellent customer service responsive helpful support team love variety product available blinkit always find need,positive,positive
rocket speed delivery app generally app better menu option compared competitor blinkit first choice always,positive,negative
frequent buyer zepto support service pathetic yesterday ordered gift paid extra money packing wo packing gift came torn box chat said add r zepto wallet bad trying transferred call supervisor issue resolved today also ordered product retrun option asked want return upto expectation denied return,negative,negative
order delivered eta updated worst app never use app,negative,negative
use ai customer resolution poor wrong item delivered providing item refund delivery charge customer paid totally bad experience,negative,negative
customer support deal directly emailthat hr waiting timefake wallet cash promotion purposeit applicable ordersjust attract customer providing wallet cash place orderwallet cash applicable please try sometime continueslike many facing issue,negative,negative
good grofers blinkit pathetic display time ordering would defferent ordering becomes different customer service pathetic product still stock click notify still dont get notification tired im going find way another application delivers soon possible going uninstall soon cause really need something urgent need one deliver product asa,positive,negative
useful app daily monthly need almost every possible item required family available specially availability organic item added advantagefast delivery key choice,positive,positive
placed order wrong address within second went cancel blinkit doesnt value customer didnt even connect agent speak,negative,negative
unbelievable get order delivered less minute future would happy place order blinkit would also ask friend relative try placing order blinkit experience quality product disappointed happens exchange product allowed money refunded back manner received placing order thankful blinkit sharing first experience,positive,negative
unable find item local tried everything still see item city whenever im trying place order dunno whats wrong app whole month tried hyperlocal delivery item found hence review im uninstalling app never install issue isnt resolved thank,negative,negative
app frustrating keep spamming daily reminding zepto wallet actually try use say unavailable plus there cod option either kind nonsense wouldnt even given star option,negative,negative
ive using app past month st like minimum order value changed showing minimum order value said item min purchase often fair urgency helped cant use apphow buy daily grocery day day needsits quite dissapointable feel like opting another app instead zepto,negative,negative
tried order seed app wallet balance showed payment wallet option available believe issue need fixed disappointed decided place order left cashback wallet balance available please ensure user informed upfront otherwise display fake wallet balance,negative,negative
check subtotal carefully placing order displayed amount increased cart bad never place prepaid order still deprive two refund never order fragil product like biscuit received totally broken biscuit many time,negative,negative
dear zepto support team writing raise concern regarding zepto cash credited account appreciate initiative providing zepto cash unable use transaction despite showing available wallet issue persisted make matter worse zepto cash expiring without giving opportunity utilize zepto cash used intended fail understand purpose providing first place,negative,negative
frequent missing item inconvenient refund process ive ordered app several time multiple occasion item missing order become quite frustrating contact customer care every time request refund hope app improves order accuracy,negative,negative
worst experience first order ordered gift time showing min got cancelled couple minute saying unable deliver asked reorder reordere got cancelled saying reason,negative,negative
havent used app heard installed problem available area thats disappointing request blinkit start everywhere everyone use good appotherwise totally thik app get full ratingand share location,positive,negative
im loving app ever ordered got fresh item vegetable fruit item fresh even packed item came recent manufacturing date one best apps keep good work going blinkit,positive,positive
add option open home tab directly surf getting hard get home page reopen app thats task want,positive,negative
using app year provides best service term delivery quality product also tried theory mew zepto cafe variety food option awesome packaging keep good work,positive,positive
jio wallet payment option visible payment page please fix earliest,negative,negative
highly expensive extra delivery charge best thing fast delivery except everything extra highestrated charge r delivery charge time charge r extra charge surge r top handling charge much loot dont understand blinkit keep expensive product apart grocery dont return exchange policy recently purchased one item want exchange item,negative,negative
timeliness order arrived within promised time frame packaging product packed securely preventing spill came ecofriendly utensil convenience appwebsite user friendly tracking feature kept updated overall ld highly recommend service anyone looking product delivery experience lll definitely ordering,positive,positive
company never refund original source payment credit zepto wallet instead despite choosing refund source option use wallet either forget balance forced add money full wallet never totally match purchase cost unethical strategy adopted force customer use platform great way zepto earn revenue totally disgusting,negative,negative
jiomart first online grocery store remember neighbour recommend store covid pandemic time time pass jiomart continuously improving service customer yes day many online grocery store believe jiomart one best online grocery store due product quality packaging,positive,negative
bad service didnt get product app showed delivered called customer care approximately time till issue resolved everytime call say wait day pathetic service irresponsible side ola dash swiggy instamart much much better took around day deliver product much problem creating customer,negative,negative
ending journey zepto change like free delivery understand team want benifits user think many people like gon na uninstall app change glad found app really enjoyed experience sadly using app anymore predict team developer team would obviously respond message like care concern reality really dontbye zepto,negative,negative
customer since beginning app recently delivered broken product visible delivery even product working asked claim warranty company replacerefund guy please order anymore amazonflipkart far better return policy,negative,negative
improvement needed tried time never received order minute average time taken around minute minute show person reached location delivery staff also familiar local area,neutral,negative
bad experience zepto ordered product order got delivered item missing know saying one product refund initiated asked item stoped responding closed chat worst customer care service,negative,negative
pathetic appi raised ticket short delivered order cant even read issue resolution,negative,negative
app system badly developed ordering something location deliverable allow user place order case order minute away store dist km app allowed place order minute executive called rudly informed order deliverable initiating refund problemetic location deliverable inform first placing order,negative,negative
unable pay cr card internal loading app accept opt give error prefer external site enter otp redirect order page payment instead successful page,negative,negative
executive keep asking connected every sec dont let person type problem one busy typing problem delay saying yes sec close chat poor help center,negative,negative
ordered pack gully hully high priced returned bigger pack came given literally bad service didnt like bad experience,negative,negative
good app shopping definitely zero star refund almost month called jio care thrice still havent gotten refund order cancelled error delivery partner would definitely recommend,negative,negative
horrible platform system place made pay item recieve credited form promo come expiry want use promo seen customer service executive solution neither make effort resolve concern end want lose money order local store much helpful dont recommend,negative,negative
recently disappointing experience blinkit received wrong item order twice contacting support informed desired item stock shown app avoid confusion requesting keep item cancel return two delivery agent still came collect behaved aggressively making feel uncomfortable please improve stock update communication team train agent professional behavior,negative,negative
two essential feature need added sort delivery time rating filter good enough get work done,positive,positive
poor service ordered oct till date received order refund wait day date order cancel order told wait day refund cash poor service raised complaint even respond sm app plz dont order jio mart worst experience,negative,negative
always take screenshot order amount zepto put surge fee even shown time ordering customer care also use give standard answer surge fee dont accept fact zepto applies without informing customer beware money sucking app,negative,negative
would recommend using app due following reason customer service extremely poor respond call unpleasant experience delivery partner behaved inappropriately one order refund canceled order processed within promised time frame personally faced issue refund processed even day past stated period,negative,negative
worse experience every time ordered jio mart got frustrated customer service delivery service damaged poor quality missing item enen deserve single star,negative,negative
fake app hour didnt allow login next day tried place order every product asking select location turning location doesnt recognise n even nt allow manually enter waste time dont download use,negative,negative
wrong item delivered blocked talking customer service sent email response also basically stealing customer money harassing,negative,negative
absolutely best delivery charge cause sometimes take tooo much delivery charge even house walking distance factory best,positive,positive
ordered one item order canceled delivery partner without notice day way contact customer care speak person everything automated bot frustrating poor pathetic service jio never order getting fooled free shipping,negative,negative
time delivery given minute delivery come minute yesterday shamelessly support executive lied regard delivery gift spent sufficient money order till date gift delivered despite commitment via chatcall fraud service last year gift sent edible expired shame paid item sent coupon given pm valid till pm redeem coupon pay r delivery shame,negative,negative
bad app fraud made order placement nov waiting order half hour supposed come min cancelled due unavailability iteam said refund till nov payment reflect gp till nov nov havent got money back,negative,negative
app automatically taking wrong location cheating customer giving refund promo code customer money giving promo code cheater legal action taken,negative,negative
live mumbai get stuff zepto ordering stuff zepto give money wallet r use wallet used specific place rather mumbai maharatha use also strategi behind wort offer wallet money location usually order request please make improvement,negative,negative
disappointed item missing shipment refund recieved app complain showing completed issue resolved purpose bye something online store guy denying issue refund missing item people bye online grocery low pricing offer worst experience,negative,negative
super slow delivery ordered th nov supposed delivered couple day today th november still waiting order,negative,negative
worst app earlier used deliver product location something like hyperlocal delivery available location,negative,negative
hi please dont order anyone app worst experience cheating app sent missing item complaint response properly customer service contact sent multiple mail sending automatic text worst worst worst experience third class app,negative,negative
first liked app order faced problem utilise amount added zepto free cash feature customer care feature chat call pre recorded message useful place edit received message zepto didnot receive response customer support really bad,negative,negative
sogood ill expected product good cheap budget friendly also free delivery good app,positive,positive
past three day location unserviceable citing traffic congestion hour day ive shared multiple message team heard nothing typical templated message got call went ring time could receive went disconnected pretty clear reason youd make call record show customer wasnt available communicate sad,negative,negative
worst service app ever encountered customer service know theyre know treat customer provide resolution worst app experience ever expect jiomart atleast service bad atleast customer service must eligible provide resolution nothing,negative,negative
jiomart use wallet merchant name fool customer offer contacted customer care say contact wallet merchant contacted wallet merchabt say offer jiomart beware fooling play,negative,negative
im using app since last year experience good yet product shown available order placement get kmow product refund initiated inventory management poor jio mart app shortage product showing available app new problem facimg long time app developer inventory manager resolved yet,negative,negative
disappointing quick commerce app gave amount wallet logged first say use location friend able use raised concern many time still progress also many time home page app show service try minute many apps already available come new market service v baaaaddd service uninstalled right away,negative,negative
work experience unable use wallet balance check doesnt show pay wallet tried contacting via email got response number doesnt money wallet add money wallet infact wallet already money present many user face issue recommend fix issue useful,negative,negative
really bad app dont like anymore ever search come streamly different,negative,negative
one returned item blinkit cc team assured coupon amount refund close day nowhere visible app ive returned defective product also blinkit delivery executive cant expect brand like blinkit coupon amount inr shared cc team ive scammed hereive returned defective product within tat ive got refund till,negative,negative
im facing issue cant find zepto wallet option paying product added cash wallet cant use noting attempt harass customer,negative,negative
scammer story ordered status said deliver minute minute passed called delivery guy said reach minute minute status showing order already delivered didnt receive called delivery guy said mistake delivered wrong guy come minute collecting order guy minute passed called abused,negative,negative
finally leaving blinkit good fortunately alternative available stuck blinkit thumb ups fast delivery experience worst customer service ever would given even one star possible,negative,negative
trust app everytime try ordering keep cancelling order ordered night hoping get delivery waiting almost min delivery guy cancelled order saying didnt pick call reality tried calling multiple time didnt answer phone idk every location never worked,negative,negative
placing cat litter sand cost r even final payment price placed order card deducted r checked order summary deduction due surge charge disappointing keep hidden charge customer would request stop applying kind hidden charge really want please inform customer checking,negative,negative
wrost app ever mostly item price overvalued second thing cash wallet amount able use last day time service unavailable able order item time surcharge applicable looting people good used dmart app,negative,negative
ok fast delivery never get cashback offer provide would even say cashback offer applied platform concern connect payment company tieup offer second time recieved cash back almost amount percent order,negative,negative
thy luv cancel order without informing customerif thy delivery half item thy dont haveworst platform order itemscant rely,negative,negative
love simple use delivers need minute last minute delivery app however item go stock take lot day back stock,positive,positive
worst possible delivery app ever let cancel order throw around random amount jargon confuse customer really high delivery charge would give negative rating could,negative,negative
fraud app buy provide expired product,negative,negative
worst app ever found play store transaction done product placed order customer service also gud doesnt show refund status first order placed second order placed refund period also long approx day,negative,negative
worst ever customer service reject return request saying product good even wont respond customer complaint,negative,negative
worst quality fruit delivered time bad experience zepto strongly recommend people dont use buy anything many better option available minute,negative,negative
high price extra surge fee use waste even zepto pas need pay extra delivery time minute especially give zepto cash use till expiry date,negative,negative
downloaded app could see main dashboard unable scroll even take like sec unable search single product able select guy need get fix asap,negative,negative
blinkit become goto lastminute grocery need unexpected craving app incredibly userfriendly delivery speed truly impressive ive never disappointed quality product customer service always helpful highly recommend,positive,positive
app seriously suck recently launched jaipur problem ive faced far app crash delivery done minute cant locate delivery agent map say minute last minute like wth supposed know whereabouts important detail cod option really work help section bot give question chose give generic answer doesnt solve query,negative,negative
cancellation option practically customer support there way contact customer care there number stuck chatbot totally useless guess thats happens there demand helpful time need app user friendly service good considering delivery option available quality fresh vegetable perishable product average something bad there support,neutral,negative
app revolution era used many grocery app unique whether stuck emergency want buy daily basis u get minute always get fresh product reasonable rate recommend app big thanks zepto,positive,positive
zepto lure customer giving free cash login say zepto wallet cash unavailable customer care associate say order time available ordering time availableso suggest dont download fraud app lure customer trap,negative,negative
fraud app shameful ordered mattress worth k god know order gone cancellation option refund policy update customer care order status app still process whereas delivery date already crossed big name shame,negative,negative
zepto gamechanger grocery shopping lightningfast delivery consistently amazes ive never experienced speedy service quality product topnotch app super userfriendly zepto definitely earned spot regular shopping routine,positive,negative
worst quality product recently ordered ice cream everything melt late night option provided replacement think nothing else rather wait ice cream picked replaced either provide good quality product provide refund,neutral,negative
fraud app sneak hidden charge careful enough open pay section see detail dont fall high rating seem paid see carefully similar format special character like copied somewhere word word,negative,negative
price shown product invoice raised always different order product part invoice option even reject product even ordered,negative,negative
provide tracking know product happen apps know reached also issue refund refund come wallet,negative,negative
guy use app scam ordered wrong item created replacement cancelled replacement even bother inform even ready refund customer support suck sent cheap price item denied refund,negative,negative
experience zepto nothing short terrible delivery always late far exceeding promised minute window product received poor quality often damaged expected top price outrageously high subpar service app confusing overly complicated making difficult navigate customer support virtually nonexistent make matter worse wallet cash offer future purchase,negative,negative
extremely didnt expect zepto able use zepto cash frustrated since day always showing high demand cash hold please fix problem zepto cash,negative,negative
kudos whoever came blinkit blinkit truly savior emergency lastminute purchase order truly delivered within blink eye thankful service,positive,positive
quality vegetable sharply deteriorated would recommend buy vegetable except onion potato complaint management third class opt refund still better case need product ordered received damaged one lure replacement within hour half hour cancel pickup without assigning reason close chat one sided resolution money gone product usable shame,negative,negative
delivery partner sweet delivery come fast compared online grocery shopping appsi love blinkit could rate star time order price get dont take cashpay delivery,positive,positive
grocery item arrived minute quality veggie good using app first time found useful,positive,positive
good app happened twice transaction made show failed customer care say refund would made next working week didnt get even wrote mail still action customer support doesnt exist app,negative,negative
bought bronson professional premium glass painless hair removal zepto worth instead got affected product hand got swollen use product even working properly atleast useful one time didnt happen waste money gon na buy anything zepto,negative,negative
fraud app ordered ipad nov date nov still dont delivered customer support talking like fraud company share update message whatsapp dont give number logistics delivery partner overall farud company dont buy anything unstall app soon possible,negative,negative
gving negative feedback bcz positive rating warly delivery promo order cancelled automatically nonsense charge handling fee surge charge looting system expired milk item delivered day cancel order try pay adding item make sure promo code coupon code apply removed automatically blinking master algorithm wow hope amazon going fox issue soonin bamgalore,negative,negative
app good show image item problematic choose product emailed many time problem solved team,negative,negative
app good fast easy choose desired product giving coupon encouraging customer use app fast delivery hope continue service new interesting offer make leading app market,positive,positive
able login app since yesterday giving something went wrong error due able place order,negative,negative
recommend dont use app purchasing thing repeat dont use worst delivery process ever take half month still get product yet changed delivery date wft report share screen shot social medium,negative,negative
good service price also little less product clean n neat paper bag send good delivery within min time like blink thank keep good work,positive,positive
stock management poor food item stock pin dont know whether appointed one check stock everything good,positive,negative
worst didnt got r zepto wallet referring member made first order worst never referral customer care saying got cashback coupon r offer would sum r cheating spend many hour everyday everything gone,negative,negative
app received ordered item span minute quality good price decent recommend use app update day there new thing guy added handling charge dont understand point two different charge turn delivery charge something handling charge apply item delicate pack chipssnacks,positive,negative
good app better delivery apps even give amount seito cash use order reduce cost order must try app delivery apps,positive,negative
delivery experience worst app last month ordered item applying coupon code cancelled order day code also working order one time ndly didnt cancel delivery time much take around week half day delivery grocery atleast rd app experience laggy need optimised lot th sodexo doesnt work lot edible item,negative,negative
app clean user friendly unable use wallet amount talk zepto support asked order twice enable wallet ordered product wallet amount got expired wallet amount useful next order please fix issue even friend facing issue,negative,negative
professional thief must say take money everything half item gone specifically ordered gift bag along product even charged however order came gift bag werent chanting line er taking time thank patience well get back soon least refund money whats taking long refund money gift bag,negative,negative
ive using zepto app overall like convenience offer however ive run recurring issue trying use zepto wallet cash every time go place order dont get option use wallet balance checkout frustrating id like utilize fund wallet hope issue get resolved soon enjoy smoother experience app able use wallet amount really irritating,negative,negative
good buying daily grocery dont buy electronics costlier thing hard get replaced bad return policy bought done,negative,negative
ordered spinach tomato spinach rotten even animal wouldnt eat also quantity tomato less kg,negative,negative
zepto extremely poor product service order product mistake common placing online order prepaid delivery delivery person take item back time delivery customer support helpless encourages waste money product disappointed service helpful reach customer care another complicated process,negative,negative
disappointed experience appmy zepto wallet r wanted use option available shown satisfy problemi disappointed app servicesi already mail support hand,negative,negative
delivery time good product also good costly compared side cheating customer face issue every time offering r cash wallet ordered need pay full amount r showing unavailable always yu dont want give discount offer pls dont show dont msg daily wanted product order many website provided online service,negative,negative
extremely dissatisfied service received noida despite placing multiple order consistently accepted cancelled order three day request delivery response receive understand situation please reorder lack reliability poor communication unacceptable online delivery service detailed record order would willing share necessary,negative,negative
hyperlocal highly unreliable automatically change date delivery cancel item need delivered two day,negative,negative
im amazed see product got mentioned time less min delivery superfast,positive,negative
app many bug proceed paying automatically selects cod without giving option apply cashback order placed wanted select meal card payment apply cashback couldnt cancel many order,negative,negative
bad experienceit first time zepto provided mi rupee free cash using ordered itemslater order arrivedthe guy started asking moneywhich totally denied toothen realised bcuz ordered item costing suppose pay delivery chargewhich totally waste think,negative,negative
deposited zepto wallet order watch depositing money wallet option disabled tried plenty time visible worst thing shopping experience,negative,negative
ordered grocery delivered day really liked cod option,negative,negative
zepto good app grocery satisfied delivery service cashback got incredible dont see app provide free cash wallet going rate app star thats good marketing zepto overall,positive,positive
available many place right blinkit probably big enough app company deliver everywhere like meesho amazon apps available outside area due quick delivery,negative,negative
delivery agent pathetic product expired there option return cancel ended throwing best part customer support im mean chat option option available need ensure problem list decide else option get support honest recommendation avoid downloading app,negative,negative
worst app worst experience app first placed order given r free cash want use wallet option contacted customer support told place new order two order marked delivered get payment option still got wallet option contacted said kindly reinstall app tried expired cash however expiry worst app worst exp,negative,negative
absolutely terrible experience blinkit order delayed finally arrived one item paid missing add frustration delivery handled two individual showed without uniform proper identification making entire experience feel unsafe unprofessional reaching customer service equally uselesstheyve unresponsive provided help resolving issue,negative,negative
worst experience delivery mant time late order hour today deliver unit ordered unit paid already support uninstall today,negative,negative
app photo product see itonly front sheet app see clearly go category nothing product pic buy friend anything g network speed dont,negative,negative
please provide membership also disappointing order product worth still delivery charge love blinkit good quality express delivery,positive,positive
wont recommend use app order jiomart complaint raised without resolution closed taken back item still refund credited youll suffer order item worst service support even deserve single star support senior escalation team waste wont give resolution wont solve problem,negative,negative
worst app ever shop never ever make purchase dont accept order soon chance accepted delivery way late order get cancelled refund process pathetic take day get refund,negative,negative
almost every order get cancelled either due payment failure delivery partner unreachable plus refund take forever,negative,negative
app keep giving free r im use show glitch use wallet money payment added buck wallet still im able use r gone free r well please fix app update customer care cant withdraw money back account close wallet permanently phone number blocked futurebut receive money b day helpful,negative,negative
freebee exhausted immediately removed pop ups bad marketing strategy make bill high amount dont get rightful free bee committed blink good gesture trust issue good experience,neutral,negative
better use app show deliver time grocery within min shipped order without coming delivery place returned order like wasted time order expecting delivery worst experience first time uninstalled frustration,negative,negative
worst experience jio mart shopping ordered shoe size issue return place delivery boy taken raised complaint costumer care response raised complaint many time response dont buy item app raised return request item picking see status problem solved many time raised complaint problem solved,negative,negative
horrible delivery issue twice past month first order cancelled refunded second time order delivered claimed delivered refunded chat properly conducted delivery person could contacted horrible service horrible experience name cheap rate scamming u extremely disappointed expected better big name company,negative,negative
pathetic service waited almost minute order walk meter get order received product bad condition customer support worst adamant denying everything,negative,negative
everything thing good mo nths ago placed order payment around done later order canceled payment refunded repeated mail,positive,negative
order get packed second senseless way fooling people order packed cant even cancel people place order mistake give option atleast cancel time duration,negative,negative
easy everyone able going outside take grocery ya anything expensive application,positive,negative
pathetic app age blinkit zepto reliance come substandard app jiomart bad customer boarding cluttered feature seems bought novice bengaluru startup order something update provided email order cancel option info time order delivered simply show delivery date nov tell time slot claim deliver min still waiting even hour,negative,negative
offer free delivery pas time add r handling charge every order manipulation charge pas add delivery charge well overall another way looting price product competitive,negative,negative
service good really annoying getting spammed message time day use wallet cash dude ill use want use desperate annoying thats uninstalling,negative,negative
first time ordering turned disaster guy need work gps location even entering correct location pin code landmark delivery gone wrong location delivery guy called asked address told location landmark said coverage area canceled order ill wait business day amount hit account disappointing experience,negative,negative
total fraud take payment deliver product dont buy jiomart go optionthis last year review year took payment day yet delivered product customer support rude totally neglect query,negative,negative
worst apps itll never come time always soo much longer idk good part also printout also deliver like min later disappointed bad wait soo mucha nd child getting soo late,negative,negative
trying login app automatically logout account every time problem show last month approx customer care helpsupport resolve problem,negative,negative
one transaction failed th december money got deductedits day money yet refundedinspite many followup bad experience,negative,negative
buggy app item stock appear stock might proceed order item please update time show wether item stock also include international food brand,positive,negative
disappointing app offer first order u login using reffferal code someone logged using referal code place order discount available andar reached customer support didnt resolve issue informed wait sometime order still discount shown placing order terrible service cheater fraud app,negative,negative
bad experience jiomart order product order confirm payment also done day unfortunately order canceled jiomart,negative,negative
exceptional app ordering grocery mostly use swiggy instamart app option online delivery service delivery also fast mostly min,positive,negative
god worst app ever never work matter good network seriously fed time period dont even get started delivery people highest level cringey order thing cancelled condition want try believe dont,negative,negative
use app cod money paid delivery longer guarantee three ordered item cancelled still clue happened app doesnt help three item refund erected day one item money refunded month already best option zepto blinkit swiggys insta mart,negative,negative
wrost appthere tracking system tat also contact number inquiry made,negative,negative
worst app ever delivery experience good however product u order isnt upto mark support team patheticnon responsivethey revert back minute u contact chat support stating issue bot optionsi uninstalling app never ever advise anyone get app,negative,negative
recently purchased boat earbuds blinkit unfortunately battery drain quickly making almost unusable contacted support team replacement refused assist provide solution experience disappointing feel platform like amazon flipkart far reliable buying electronics offer better customer service accommodating issue arise,negative,negative
guyss please purchase clothes zepto give hige discount clothes deliver garbage return replacement policy even size product doesnt fit even customer support supportive say delivered product headacheif size product doesnt fit apps option replacement get replaced zepto get replaced option half star,negative,negative
using app since year seems like r really responsive even proper customer care boy keep talking eith sense recently ive ordered stuff ive recieved one item although ive charged item also happened tried contacting response raised ticket response ive tried bloody everything even twice bloody people responding useless,negative,negative
love sanity never ever install app firstly take day process order delivery partner even aware product youve ordered there always miss product say speak customer support absolutely supportinglol later wont give money back even thousand call email least bothered customer money looting think theyre richest,negative,negative
new problem started blinkit order receive call saying order cancelled order booked another store though dont get notification store time u getting cancelled im getting delivery since year regularly sure happened suggested pinned locator address every time order getting cancelled hope wont oder anymore guy complete disappointmen,negative,negative
incredible experience blinkit every delivery agent super polite nice last minute app prefer blinkit,positive,positive
total waste time customer service ridiculous never delivers item provided timeline cant see latest update order app,negative,negative
dont expect resolution less quantity delivered might give refund take day receive put account hold day scam nothing else blinkit swiggy far better,negative,negative
zepto cash turned scam applied pay remaining amount cash upi soon placed order reflecting zepto cash applied pay amount also zepto cash showing valid till nov dec gone expired message valid next order onlythere customer support appthey say agent busy long wating time call got disconnected,negative,negative
good beginning day receiving expired product expire product bad service proper response customer care also,negative,negative
downloaded app first time experience good although dont issue delivery timing lot thing missing app soon selected item proceed payment order got confirmed second without payment didnt selected cash delivery anything back option chat option delivery person delivery charge levied wanted check bifurcation order got confirmed,negative,negative
playstore advertising gift hamper order placed thdec stjan placed order st sec receive anything additional stated something done change rating star cause zepto feel best ordering item,negative,negative
found amazing facility using app record delivery instruction voice unfortunately could record sec found enough kindly increase time,negative,positive
complaint far product good shape handled well quick made purchase packaged good though,positive,positive
price high concern issue delivery item local package company personally used get grocery store pulse n grain quality low,negative,negative
app doubt provides grocery click slow keep hanging take forever chance wish edit cart also even jiomart store next place take day deliver contrary grocery store medium local bigbasket etc deliver day also sometimes discounted price reliance,negative,negative
worst experience popular branded product available app ashirwad atta amul ghee available neither gulab ankur good life brand groundnut oil available app surf excel washing powder branded detergent cake like surf tide wheel nirma etc,negative,negative
fastest delivery world range product electronics toy luggage grocery unbelievable super,positive,positive
unfortunately degraded kind fee charge added highly disappointed there nothing free delivery app gone provide free delivery add kind charge order becomes rsrs total amount,negative,negative
poor experience totally non recomendable udaipur got anonther product ordering mentioned replacement policy complaining refused bad experience cant replace wrong product mention wrong information page replacement many people facing problem blinkit app udaipur didnt got problem solved give negative review others mobile also facing,negative,negative
worst app dont even exchange product brought wrong size avoid using app bought product care less fitting issue worst service ever,negative,negative
order returned due technical issue system th july prepaid order r order hyper local status delivered inspite several chat email call customer care received refund also raised ticket status show complete may know meant completed received response height carelessness irresponsibility never expected kind customer care service,negative,negative
wrost app ever cant deliver item minute fooling people blink good app deliver item faster zepto good customer support app,negative,negative
worst app selling bad quality item option return product also customer care responding call despite calling number within timeline unable raise return request via mobile app guy please dont use worst app money blocked,negative,negative
order get cancelled automatically delivery time need call customer care refund guy upto many startsup building business reliance giant unable code simple application,negative,negative
bad service many delivery shown unserviceablewhat service stop app swiggy best share feedback circle,negative,negative
bad experience zepto purchase electronic product product defective return amount refund zepto cash balance refund zepto customer care reply receive call vey poor service doubt also share screen shot,negative,negative
blinkit fulfill correct order item ordered available either partner call customer check replacement sent else money refunded sending something else ordered hastle blinkit collect back hastle customer wait pick refund wil also take day correct approach business model,negative,negative
app complete disaster dont cod option think thief biggest red flag stop using zepto cheap app well would never able match blinkit instamart reason use zepto purchase cigarette wouldnt wouldve never downloaded zepto first place,negative,negative
using big basket since last five year recently issue every delivery either item missing weight different searching option switched blinkit certainly fastest delivery category almost need available catalogue writing review least order excellent blinkit keep,positive,positive
app display estimated delivery time often experience significant delay additionally tends sell product close expiry date concerning lead frustration two day row relying accurate delivery estimate fresh product disappointing app fails meet expectation term timely delivery product quality improvement area would greatly enhance user experience,negative,negative
false publicity saying min deliver possible bangalore deliver min moreover store take min billing worst app horrible experience started business lie promising customer order delayed min still delivered use zepto instamart instead nonsense,negative,negative
terrible experience jiomart order placed th june canceled without notice tried th july multiple delay canceled th july without intimation happened three time half month service highly unreliable frustrating avoid using app,negative,negative
product three time within week every time order cancelled without delivery person calling,negative,negative
app worst core misleading user showing image quantity get quantitywhen try return missing quantity delivery executive reject package citing product matching image shown app past month talking customer care product get picked neither product picked amount refunded worst customer service horrible user interfacenevr recommend,negative,negative
gave wrong product mislabelled one ordered option return passed hour mark supposed open every grocery order day od delivery appropriate image everything still help terrible experience,negative,negative
use service different location issue return baaaad coz ordered different place update support team response mail invoice copy attached team still asked order id date transaction,negative,negative
really good app want something super quick variety product offer great though one time already paid product delivery guy wanted pay received payment notification made big deal something bothered overall bad,positive,positive
app super slow take min add item remove min phone issue app worst search doesnt work properly copy paste reply instead work app check network connection switch cellphone etc etc old reason solve user issue,negative,negative
everything absolutely fantastic zomato blinkit asap need build x customer helpline number toll free currently via chat support,positive,negative
bad experience nd fraud appi rupee wallet order placed rupee go outnd showing one fresh surprise coming order nothing surprise order,negative,negative
worst e commerce app plzzz dont download apke paisa kha jate hai product diliver nahi karte change rating star bcoz recv product complain give cancel button,negative,negative
lost money trying place order paid amount even show cancelled order amount debited account zepto saying recieve talked customer care million time even said ill get money back changed word one minute saying ill get refund next saying didnt receive payment customer service,negative,negative
missing item last order calling customer care cut call without helping,negative,negative
returnexchange policy also sometimes product get selected mistake must return exchange policy added service awesome sometimes product available unnecessary rain charge however great service great work blinkit,positive,positive
think customer foolish selling zepto pas free delivery order charge surge free insted delivery charge whats use zepto pas dont want honour commitment free delivery never order anything without surge fee also charging gst product mrp platform fee dont commit cant fulfill promise useless app,negative,negative
fast convenient customer care supportive maintain compromise quality customer brings notice maintain please include item vegetable possible including green vegetable free gift item include item like sweet corn beetroot lemon ginger item deliver good quality surcharge required collected delivery person trained n kind customer love blinkit please maintain,positive,positive
really bad experience ordered item got refund undelivered product way connect customer care either also add thing cart app show product stock already make transaction receive order product isnt instead delivery guy tell connect helpline number exist call u option app doesnt work,negative,negative
app go buy one rate show another rate ordering different price different product come different,negative,negative
pathetic delivery experience swiggy instamart bit expensive way better delivery jiomart deliver half product never buying periodthe real problem jiomart undelivered product refund original payment method wallet imagine buying smart phone delivered dont get refund credited wallet think buying costly product jiomart refund big issue,negative,negative
totally last minute instant gratification although humanly message time yet worth robin cuffsn collar mawana sugar great,positive,positive
loved fast everything delivery charge much buy thing pay delivery chargessmall chargesand handling chargesi understand smooth reliable sevice u app made fast smooth delivery whyy much bcz kid want buy something make sad ok charge r r,negative,positive
title poor delivery delayed refund review disappointing experience jiomart recent order included urgent daily need item delivered promised date instead delivery delayed two day without proper explanation update first time happened past order also delayed waiting extended period request refund took additional week process level servic,negative,negative
one best online service always come doorstep asking address every delivery,positive,positive
im using aap sinse month past day im trying place order zepto cash availablethey giving cash alternative day year validity expiring day speak customer care executive told due non usage application zepto wallet balance applicableif applicable sending wallet,negative,negative
worst application advertisement less facility providing bad quality product even complain replacement refund never use application application scam please remove application play store,negative,negative
first guy didnt acknowledge concern first closed previous conversation saying item delivered complete lie later delivery agent confirm bringing item accept bringing product show fraud customer support good delivery agent mistake happen anytime anyone acknowledge delivery agent educated customer support consider educated saying lie,negative,negative
hello jiomart team ordered bread via hyperlocal expecting sameday delivery delayed option cancel order support team unhelpful delivered delivery executive rude unprofessional worsening experience reflects poorly service request immediate action improve delivery enable cancellation ensure professional behavior please address promptly thow bread dog need money back,negative,negative
dont ever buy anything worst experience return order since day yet one coming pick end putting order status available address incomplete delivered product address one contactingworst experience suggesting anyone,negative,negative
saved much money using zepto co offer free cash unlike apps wont mention ive many order many excellent delivery everything quick press instantlyi really like app saving flash sale percentage deal etc section seem updated easy navigate around app free delivery,positive,positive
app help section doesnt give one chance raising issue outside list made issue today cant raised there provision,negative,negative
delivery time range product really good also find price much cheaper compared instant grocery apps,positive,positive
disappointing experience app wallet wanted use option available initially disappeared emailed zepto resolve issue supportive didnt respond extremely frustratingand also provide call centre disappoint,negative,negative
star brrilliant service blinkit winter wonderland daily essential grocery app userfriendly even chilliest winter morning customer support also warm helpful highly recommend,positive,positive
generally service great today tried ordering product twice get cancelled showing product available accepting money soon order placed calling inform order cancelled money refunded cant show product unavailable stock nonsense creating huge inconvenience,negative,negative
ordered item zepto delivered expired item item doesnt information like mfg pkg batch number dont know careless deliverying expired bad quality item unnoticed happen health please zepto check good safe item delivery humble request,negative,negative
best ever app fulfills grocery need faster could get,positive,positive
day day increasing charge excessively often claim delivery free reality impose various charge different way handling fee purpose handling charge already charging delivery moreover charging delivery handling fee adding rush hour charge well minute delay extra charge applied,negative,negative
delivery per say great deliver stuff time however rdth delivery handling charge increase secondly regarding ice cream deliveriesevery cone delivered come moist read non crunchy waffle third price vegetable fruit way higher vendor sell difference high uneconomical get app parity rate market app,negative,negative
poor experience ordering blinkit sent empty item received empty box item missing seems big scam customer care didnt solved issueplease dont download app,negative,negative
pathetic service first accept order share wrong delivery information called back say material stock also refund credited wallet bad app dont use itgo amazon swiggy instamart,negative,negative
service jio pathetic received broken sealed item sandwich spread tried getting resolution customer team havent received solution yet blocked account receiving login otp trying login account showing invalid credential worst shopping app could ever find thank jio abysmal service,negative,negative
earlier starting name grofers never asked delivery charge item delivered free home became blinkit always add delivery charge along high demand surcharge also really bad one problem customer care service also bad order anything need help regarding order eg want add item order feel helpless,negative,negative
received order missing item support executive say dont option except refund paid premium good delivered home good delivered benefit paying premium price blinkit app bad experience,negative,negative
app soo good whenever order food item toy daughter literally come min food toy stock soo thats gave star thank,positive,positive
one worst online shopping experience ever item description complete missing important information size product delivering wrong product etc top avenue return delivered item,negative,negative
great application issue surge fee pas surge fee surge fee hidden order detail paid accidentally rush please add feature show,negative,negative
offer significant convenience personalization user easily browse item receive tailored recommendation based allows quick reordering payment option also save time eliminating need navigate crowded place delivery service nice,positive,positive
ordered grocery st november got message confirming delivery today within minute delivery got cancelled delivery partner first time order getting cancelled time period two month order got cancelled time reason service provided acceptable worst,negative,negative
week havent received order yet every day keep showing delivery date next day worst experience ordering app dont prepaid order app dont want get fooled response customer service well tried connect dont pick call respond email,negative,negative
dont use zepto wallet disable anytime non refundable one order one item missing refund zepto wallet wallet unavailable since last day customer care saying keep placing order order available seriously pathetic thought process,negative,negative
happened twice nowi always order something put right address yet delivery guy somehow pick wrong address make excuse location showswhen ask company say problem either cancel order demand extra feesfix problem lot u might really relying claim fast delivery due suffer heavy loss anyways hope get refunded soon dont make mistake,negative,negative
third class support returned item st oct picking item providing refund product quality third class support team unproffesionals never resolving issue keep giving false promise buy item jiomart want begger,negative,negative
ordered spinach two quantity received one trying chat choose item delivered able select bad experience even cauliflower come full insect happy,negative,negative
never buy quick commerce guy cheat selling expired near expiry item better buy nearby store play health,negative,negative
misleading advertisement free coke ordered item got item delivered lot follow ups order arrived free coke customer care told need search freebie add free coke st order need searched added manually bad first experience ended paying unnecessary money thing would got cheaper rate elsewhere immediately uninstalling app,negative,negative
like app giving star could return item incase something ordered mistake accept return even immediately placing order also way put review quality product sold one item badam ordered product quality extremely bad smell eating,neutral,negative
worst app never able use free zepto cash wallet despite receiving since installed app able redeem always end paying order make matter worse app charge nearly three time mrp item due gst handling fee delivery charge mailing zepto team advised placing two order found cash delivery option despite explaining repeated response,negative,negative
ordered many time time delivery partner cancelled order even though paid amount dont know really disappointed jiomart take action type delivery partner thank,negative,negative
loaded zepto wallet rupee couldnt order thing zepto loaded cash time wallet unavailableno mail response poor servicestill response ver poor service,negative,negative
added money zepto wallet showing temperorary unavailable since week bad thief app also free wallet cash gave also showing temperorary unavailable worst app dont use,negative,negative
coin purchase blinkit total scam ordered silver coin didnt get authenticity purity certificate mentioned application contacted customer care even acknowledge issue let alone giving reason issue aplogising inconvenience prashant customer care executive kept repeating preformated message like putting smile customer face ironically bluntly told cant help bad experience,negative,negative
writing bring attention issue facing zepto wallet noticed unable use zepto wallet cash making purchase option select visible checkout process could please look matter advise resolve issue would appreciate guidance assistance provide,neutral,negative
doesnt like photograph time delivery whatever ordered first spread flat surface floor sofa bed delivery boy take photo creepy suppose ordred personal stuff sorry going order zepto despite expensive product platform,negative,negative
people offered free gift placed order thats showing product availabe annoying unfortunate regular customer secondly sufficient balance ny lazypay account still people showing insufficient balance lazypay definitely much embarrassing insulting regular customer want say blinkit doesnt deserve single star due nuisance service,negative,negative
worst experience ever seen last day showing unserviceable itll fix ever want order vegetable iit showing unserviceable even friend getting order area want order thing dont take order disgusting,negative,negative
worst experience zepto week ordered kettle zeptothe order hasnt delivered jad shown order delivered accountso requested refund zepto till havent recieved refundiam contacting customer care daily dont even pick call alwaysits week waiting refund,negative,negative
totally fraud application take money dont deliver order even customer service team doesnt respond totally fake fraud platform,negative,negative
zepto worst customer service executive priyanka panchal frustrating return policy return request denied tried day ive never issue platform wont use zepto install app soon,negative,negative
noticed every time place order blinkit get delayed doesnt arrive time consistent issue quite frustrating affect overall experience service,negative,negative
one worst service buy product received worst chicken complaint asked eat since within expiry never seen service lifetime note already call zepto,negative,negative
excellent fast delivery would recommend app friend relative thanks loti would order item future whenever need blinkit good app available online needsi hope blinkit continue serve peopleall best keep,positive,positive
disappointing experience ordered item received completely different order complaint neither refunded exchanged really bad experience first time ordered n think would last order team really cooperative didnt even listen complain really frustrating,negative,negative
pathetic performance app ordered time app tata gold tea gm repeatedly failed deliver product scheduled date frustrated app,negative,negative
subscribed zepto pas free delivery order item amountand lot scam never got true offer properly,negative,negative
bad service gave order today morning around six item delivery staff reached residence within minute one bag patanjali atta missing delivery staff told deliver short time delivered till pm ordered patanjali atta hr surprised see whole order cancelled amount refunded complaint lodged several time neither atta delivered amount refunded,negative,negative
bad im disappointed right ordered stuff got cancelled hour please dont product stock dont waste time first time blinkit cancelled order many time showing delay hour disappointing right,negative,negative
poor service need early reaching person ordered article would like draw attention management necessary action,positive,negative
first expression appworst app im ordered cetaphil pro clay mask recieved ayur rose water placed returning option disgusting app dont installthere sending fake product additionally im loosing rupee,negative,negative
worst delivery experience ever deliveryman cancel order without explanation accept order first place youre going cancel,negative,negative
worst help service even allowing give delivery related experience info rider contact info recommend app want good customer service,negative,negative
expired product getting delivered day know order online busy working people check every expiry date everytime one pack expired milk enough spoil rest milk weigh product check expiry date everytime,negative,negative
print service god sent otherwise go waste hour convenient dont mind spending extra time saved,positive,negative
worst grocery delivery app range claim min delivery never fulfills commitment instamart blinkit always better alternative please try avoiding using app much possible customer support app worst never provide fair satisfactory resolution either,negative,negative
absolute cheating app everytime place order item missed wont provide customer support also dont want loose money uninstalled sent mail support team also care customer much better service provider proper response please use dont waste ur time money application,negative,negative
worst experience ever didnt even ask payment method directly assumed ill paying via qr time delivery delivery expected min waited min pack arrivealso wasnt able apply wallet money total worthless app prefer blinkit swiggy instamart instead option rate negative wouldve given negative star app,negative,negative
definitely worst grocery app zero customer support called hyper local delivery min became day way cancel order also whats point delivery app need day deliver install customer support pathetic youll lose patience money,negative,negative
application working cant find big brand like parle britania etc search bar brand also showing,negative,negative
quick delivery value moneyneed payment option discount payment option working example lazypay showing otp option blinkit app accept order,positive,negative
worst app take order delivery time come cancel order information,negative,negative
worst experience order simply get cancelled without reason way talk customer care everything need done via app even raise complaint close without even contacting customer kind bogus app,negative,negative
one worst app rate r high charge delivery fee platform fee nd upon surge demand fee r dont direct customer service day inspite complaining one bothered call mail answering machine show executive r busy stop fooling customer guy think twice ordering appridiculous,negative,negative
app useful better swiggy doesnt charge delivery fast,positive,positive
poor experience literally fraudsters delivered stale bad quality product didnt replace even multiple request team close request without giving resolution eventually time period order delivery within raise request get exhausted wont able raise request,negative,negative
placed first order came quickly delivery partner friendly quickly found address problem payment option time cant cod always say currently unavailable moment,positive,negative
completely worst experience doesnt provide bag either paper reusable experience super worst,negative,negative
good service punctual time really satisfied also suggest app friend family household shopping,positive,positive
worst customer service experience even able tell problem check option problem doesnt lie option moreover chat customer service min installing app uninstalling,negative,negative
delivery charge surge charge muchwe dont like useless charge use discount given menu u cover payment charge stop using extra chargescharges must limit example ordered product rupee product cost nothing profitable secondly said delivery minute ordering last month everytime take minute deliveryplz improve timing,negative,negative
always give right grocery saw blinkits instagram reel contant roasting skill awesome commented lot time also keep best,positive,positive
high delivery charge worst app ever app give r free give order go cart r unavailable waste money time ever delivery charge high think blinkit bigbasket best option,negative,negative
recently made grocery order jiomart balaji snack item missing delivery parcel called delivery guy told reach senior never picked call last option complain raised compain order got refund item main item refunded raised followup request assuming might read earlier request correctly new request closed without action fraud app people go apps,negative,negative
excellent service always looking service like good job blinkit management team keep good work would really like see item getting added shopping list like see blinkit cover product category,positive,positive
app working latest android update please check clear bug app showing black open also try reinstall working,negative,negative
totally fraud service beware experience ordered grocery rd august th aug morning show delivered dont receive itemsmy biggest mistake prepaidso carefulit prepaid service scamso recommendation guy prepaid order customer service also bad attitude dont politeand much arrogantnot helpfulthey said wait hrsfor resolution,negative,negative
app good doubt rate high example order frooti rupee tip delivery charge total bill delivery amazing,positive,positive
every time diff fee cart charge etc added bill even buy monthly pas membership delivery fee always added invoice unfare billing cautious pay remove extra item added,negative,negative
login getting error oops something went wrong please try time past day facing issue send email also thing suggested still getting problem,negative,negative
say free cash temporarily unavailable please try later tried time unable use cash pretend give free cash fool people,negative,negative
unexpected fast delivery good future continue good response,positive,positive
worst app ever second time order got cancelled cancelled reason returned waste time money would suggest everyone install app buy anything,negative,negative
edit suggested wrote mailid got reply stating per policy resolution accurate waste time report issue happy scamming deleting account installing app dont install app customer service worst dont know anything say wait day ticket closed day without resolving please dont trust app,negative,negative
worst experience quick commerce applicationnever got single delivery time also support staff customer service team also poorbetter choose swiggy instamart blinkit,negative,negative
always product missing order placed customer support available infact customer care waste timethey support anyway delivery person doesnt know order able connect store highly recommended,negative,negative
worst experience ever online grocery order platform show higher discount order product missing form cart helpline simply take refund request option redespach product acceptable,negative,negative
first experience bad experience discontinue use blinkit per refund policy didnt return product quality good,negative,negative
pathetic experience delivery boy dont deliver item ask number wont give pay item recived contacted customer care delivery customer care look compromised otherwise give atleast number give product,negative,negative
cheaper online platform except itms easy shop worst part price fluctuates momentarily anyway liked jiomart,neutral,negative
zepto sent message via whatsapp confirming zepto cash installed app tried using prompted pay buy zepto pas added item cart payment page didnt find zepto cash wrote supportzepto denying refund dont know many people collected like,negative,negative
useless app requesting aware collecting order one product always missing every order one help apologizing instead improving service dont even provide proper refund replacement neusance stopped fooling people fake good service statement disappointed stop paying online end blame think ordering,negative,negative
money come zepto wallet getting used amount shown zepto cash delivery page use issue app update able understand thisplease cooperate,negative,negative
zepto pathetic service compared apps never go zepto use like binkit swiggy zepto delevered defective product dont take back zeptos customer support also poor faced issue number time short want waste time money zepto best platform,negative,negative
good experience blinkit giving three star one order classmate notebook delivered different notebook switch rating star start giving exact product order really good experience blinkit thank,neutral,positive
giving star delivery fast always problem regarding change possible one keep whole change ordering delivery agent never come even rupee change whats point cash delivery option headache order app comfortable use online payment option,negative,negative
keep showing product available even nearest location reliance smart pointsbasic product daily use availablenot good experience,negative,negative
love everything app problem pay high amount delivery charge order like dont know account price high rupee delivery charge,positive,negative
never trust service package paying delivery agent send parcel product missing still ask pay entire amount photo shown product delivered completely different,negative,negative
ui irritating also scroll get auto refresh specially fashion category,negative,negative
zepto even mentioning retutn refund applicable particular product denies return compete online shopping apps apps ready type complaint customer zepto go zepto know accept product even issue better go flipkart amazon min delivery wont serve purpose,negative,negative
disappointing experience dragon fruit blinkit recently ordered dragon fruit blinkit experience extremely disappointing three dragon fruit received two completely rotten see attached image moreover one wasnt spoiled extremely small size poor quality dragon fruit considered premium product received bad look also inedible expected fresh goodquality,negative,negative
raised refund request still got refund zepto app showing credited reality im trying reach support nobody ever pick call im also getting option start chat screen frozen written email response,negative,negative
want disappoint download app trying hour give location app showing location available disappointment,negative,negative
quick service customer friendly quick prompt confirm earlier review,positive,positive
worst app please dont order app even deliver damaged product never resolve issuenever refund amount could resolve lost trust app,negative,negative
deliver either wrong product miss product multiple request ask take promocode retrieve amount u paid spend delivery charge understand gimmick buying,negative,negative
really faced horrible service getting completely different wrong product fashion segmentand returning delivery boy didnt accept item marked returned left badly struggling search return option nowhere product showing returned statusfeeling completely cheated type fraudi never use jio mart online service,negative,negative
worst application updation app thing getting ealier available pincode sudden dknt know glitch app somthing definitely wrong team please check resolve issue soon possible,negative,negative
ordering regularly past year recently noticed good brand listed eg detergent powder category see tide surf excel etc similarly case chip pkts lay ghee category one see many local seller brandes one many example pls look issue,negative,negative
overall experience good time facing major problem using zepto free cash showing balance order something showing please solve problem early possible,negative,negative
worst service give expired curd expiring hour type service also bottle shampoo worst packaging broken also quality quantity less mixed water worst also replacement cancelled automatically even didnt contact worst experience,negative,negative
whenever order always short one two item dont mention stock put customer customer returned delivery agent liar would return item ordered dont even deserve star,negative,negative
pathetic service resolution complaint arrogant service executive ordered vegetable item got delivered saying second item ordered many hidden charge dont disclose order lesser item worst service,negative,negative
late delivery always say delivery time min take half hour experience becoming bad day day couldnt contact agent escalate issue soon find apps uninstall app today delivery agent answering couldnt connect support associate help,negative,negative
wrost exp ever even able address concern properly delivery partner also taking rudely ask change address getting extra money petrol even mentioned correct address,negative,negative
customer support pathetic select set option write mind single conversation multiple executive switch continuity uploading video reject video taken per app,negative,negative
anytime better zepto love use app blinkit please offer best discount regular customer cheer,positive,positive
buggy app slow please improve apps speed faster access improve filter option add smart bazaar filter option easier access,negative,negative
using app long time yesterday incident horrible harrassing accepted order received payment also didnt deliver order delivery partner pathetic standing wrong address asked pick reporting customer care called time explain different people spending min matter without knowledge cancelled order,negative,negative
update sent email support got response reply zepto team marketing marketing app major bug update zepto wallet usability location movepathetic zepto expects u nvr move anthr place product zepto priced higher dan dere competitor seen minimal offr top,negative,negative
blinkit expensive product sold high price market price specially fruit vegetable sold high price request blinkit make price reasonable delivery charge tax already charged,negative,positive
show free gift suppose rsbut free gift add automatically add add button show properly people forget add also raise order much rupee get nothing instead free christmas cake given r google card thought getting free cake bad experience,negative,negative
bad service zepto delivery minute delivery give day delivery still done delivery team daily call deliver product escalation social medium review,negative,negative
order accepted online payment also done despite fact shortage one product order ill wait day refund inconvenience avoided future must proper provision checking product stock,neutral,negative
using zepto app easy delivery time product quality good however product sometimes stock improved,positive,positive
service good single delivery boy change say binkit system give change parcel delivered consider collected change worthless,neutral,positive
one worst online shopping app ever seen send cloth like sending garbage beggers dont give exchange option return product return send money jio mart walletnot bank account,negative,negative
worst experience customer support bad damaged product delivered support say delivers quality damaged product nothibg recommended even money wallet available recommended,negative,negative
bug app open app asks number sends otp bit putting otp diverts back previous screen number app opening something,neutral,negative
worst experience cheating public cancelled prepaid order ecommerce platform refund initiated immediately jiomart say take day shame service,negative,negative
ordered electronic item app written give gst invoice made wrong bill one end taking accountability dont customer care number talk automated chat box reaaly useful,negative,negative
order delivered though marked delivered delivery person bad experience idea situation help,negative,negative
good deliver time support suck honestly put wrong address support didnt help change address didnt let cancel order confused ki kya kru already paid support question provide chose whats problem yrr many thing go wrong please provide helpline put something wrong address,negative,negative
poor service even though there option cancel order doesnt get canceled worst service ever checking product price order got placed mistake even trying cancel order didnt get canceled,negative,negative
dont know given coupon cant apply first order going place rupee showed coupon get discount order still dont know coupon cant applied none coupon applied even make good app still one thing like good deal less price marketplace,negative,negative
jiomart never delivered grocery everytime show either delivered without delivering cancelled delivery partner happening happened many person know worst online ordering app ever seen,negative,negative
poor quality app option cancellation guarantee healthy foodno refund guarantee gave u advise least add cancellation option coz face problem delivery men also suffer lot,negative,negative
hell wrong marketing team zepto every reelvideo getting zepto cafe add annoying never gon na install zepto cafe app uninstalling zepto app look like buch fool sitting marketing team,negative,negative
received order quickly almost instant service expectation whole experience seamless blinkit could add reasonable order charge daily product currently show higher price im sure people would opt regular product use even often would make shopping nobrainer,positive,negative
recently whenever try search item app crash already app lagging beginning poor,negative,negative
price higher amazon ordering multiple item send multiple delivery partner big hassle paying cash nuisance,neutral,negative
nonsense app move page direct payment product stock cart get empty swiggi instamart always best,negative,negative
cash delivery show cash delivery open app say payment method available moment blinkit please fix bug help cant pay digitally,neutral,negative
enjoy fast delivery would enjoy product come intact twice got damaged product,negative,negative
reasonable price much customer friendly dispute resolved hassle free instantly,positive,positive
gave free money wallet thought buying something necessary usually get local shop however couldnt use money point still went ahead bought since needed though may end using might fooled trust never built dont think ever,negative,negative
love app recently started editing order order stock app wont show u item stock customer support let u get help,negative,negative
pro con thing claim deliver good min ordering around order zepto seen order doesnt even arrive even min time go around away house get delivery ask like dont know location kind logic thats map house easy locatable map even year old locate house,negative,negative
waste app wallet put order zepto cash unavailable waste time app frustrateing one thing pay online wont come thats waste app literally time waste,negative,negative
app improved lot suggestion team add fulfilled reliance store filter shower item available reliance store make searching easy people want place order store,positive,negative
superfast location however displayed product store sending incorrect item,positive,negative
application available option delete search history showing item want sell u want purchase sometimes irrelevant product also showing search result developer team please make sure correction application feature,negative,negative
going year app improved still like webpage opened still lot bug devs sleeping year,negative,negative
fraudulent company stared using delivery application rd order didnt deliver item refused refund told order came sealed package shared photo denied refund never ordering,negative,negative
promotional offer claiming hoax put zepto cash wallet use questioned use vague language like need place order order use zepto cash extremely shady unethical business practice,negative,negative
blinkit said min delivery everytime whenever want something take min time take min lier blinkit,negative,negative
great shopping app far better flipkart amazon one suggestion make jiomart lite slower connection like jio quit jiomart belongs jio family festive season giving product high price rice grocery,positive,negative
delivery personnel managed properly cc available locally even taking tipdelivery chargehandling charge want deliver door step ask customer pick item main gate gurgaon app default application icici bank payment link appearing every time payment blank person payment mode app ask storing card information linking wallet correct buisness practice avoid fraud app updat,negative,negative
waste app whenever trying order show traffic congestion problem problem continues last one week hell delivery app totally waste going uninstall,negative,negative
zepto cash unavailable fix bug whats use people adding cash wallet dont even want people use dont reply contacting email already still people havent fixed problem,negative,negative
number fraud app brings payment wallet start using every time becomes temporarily available even update app uninstall install still used,negative,negative
installed app expecting use zepto cash applicable order even updating latest version issue persists disappointing make app less useful please fix clarify eligibility criterion zepto cash,negative,negative
worst customer service wont deliver item ordered never accept item delivered even connecting delivery partner store manager even irresponsible never respond even customer care call,negative,negative
oh god better buy street customer service horrible instantly reject concern sending poor quality wrong item better buy swiggy instamart atleast tyey sell u quality item better customer support,negative,negative
make easy interface guy dumb dont wish order product soon added pressed cashupi option placed order dumb people least ask confirmation order even dont cancellation option,negative,negative
never get payment option worst app use segragted super saver normal none payment option lead go checkout everyday also way reach customer support,negative,negative
bad experience tried order object app wanted connect support team know product count find way chat however sent something didnt want give replacement take product back think first last experience,negative,negative
worst service zepto ordered product zepto wallet cash added bill got subtracted actual bill placing order product got delivered showed full amount paid full amount bad coustomer service asking question chat coustomer care ended chat giving reckless reply app dont even cancellation order mail also responding properly use coustomer support zepto,negative,negative
worst experience already canceled order develivry executive called conformed order canceled asked otp didnt delivered order app showed delivered heck,negative,negative
great blinkit multiple product item need option selecting size like example purchasing football glove option selecting size tell order,positive,negative
unreliable service multiple instance got almost entire order cancelled handful item delivered trust delivery item required albeit urgent besides buggy app complicated interface requires much effort find specific stuff,negative,negative
everything great option delivery time delivery agent polite humble professional help section something missed need asked need replacement quite quick professional much hassle except price dhaniya coriander quite expensive,positive,positive
app scam ordered item th sept delivery date th sept still didnt recieve item amount prepaid guy dont want deliver please dont take order please change app setting u place order shipped cant even cancel didnt expect reliance group,negative,negative
whenever order app basically gambling either get order nothing reason dont give delivery agent number,negative,negative
wont recommend cunning paid pas didnt show surge fee payment page clicked pay delivery got charged ruppees even pas useless im updating review horrible there customer service option customer complaint make hard reach agent,negative,negative
address modification required adding different address editing without mapand saving woth individual mobile number name specific recipient necessary adding detail time payment page headache also account holder get conformation call instead actual recipient get minimum value free delivery high,neutral,negative
order tracking feature brings message unable fetch detail please try sometime sometime become day mob app bug yet fixed therefore unable track status order placed rd jul part order delivered th however processing rest item started delivery first consignment instead simultaneously item disgraceful unreliable brand aptly rewarded star rating practically customer,negative,negative
mistakenly ordered wrong item customer support awful robotic getting valid reason answer kindly change item mentioned hospital,negative,negative
extremely dissatisfied customer support regarding defective portronics ikonnect c pro type c aux cable minute unhelpful exchange insistence video validation without genuine assistance unacceptable especially compared responsive support zepto swiggy instamart urge empower staff resolve issue effectively improve customer satisfaction immediately frontend service commendable backend operation disaster,negative,negative
worst applogi problem digit series mobile noeven jio nobakwaas mart app,negative,negative
wish could give star horrible service always get one product missing expensive one dont cant provide proper service even establish service please shutdown go home god sake,negative,negative
extremely disappointed zepto cash unavailable every transaction zepto cash unavailable major inconvenience use providing scheme trick customer moreover customer care contact inconvenience,negative,negative
wrost experience using zept experiencing issue zepto wallet show message stating wallet temporarily unavailable location however friend location able use zepto wallet without issue,negative,negative
tooo much worst application shopping dont option return exchange product customer support completely useless uneducated totally irresponsible dont solution customer problem extremely sorry sirmaam much disappointed application dont shopping application waste money time energy,negative,negative
simply worst app worst service worst performance even month improvement service taking advance payment poor performance worst part cant complaint anywhere customer care available customer care service formality cant check discus particular order customer care pathetic performance dont use prepaid service better payment delivery avoid shopping,negative,negative
bad experience order total number received street carry bag given selling poor quality product like relish chicken also product rating system big basket much better first last orderkolkata,negative,negative
bad experience u ppl took money granted ill share screenshot issue chat zepto bluffer also dont believe number minute mention app please order cod basis u prepay ur order n upon cancellation zepto sure wont give ur money back even mistake side,negative,negative
giving one star pain service bad ordered frozen item th time row bad condition refuse address issue closed chatchat box open minute one responded wrong order bad experience worst service order status say delivered didnt receive said sorry hour put chat hold skip please provide good service first order hi,negative,negative
aap slow nowadays literally frustrated team repeatedly asking solve sometimes feel jio company dont want customer got lot already dont option get option sim network wellliterally want scold jio people sometimes feel like slapping face,negative,negative
delivered large banana instead baby banana despite sharing image support refund replacement provided second time issue occurred corrected problem using app anymore,negative,negative
spending one hour selecting ordering grocery paying amount got know next day order got cancelled due unforeseen circumstance got msg delivery way worst experience,negative,negative
delivery time perfect also care delivery good,positive,positive
absolutely love app delivery always time product quality excellent app interface userfriendly made grocery shopping super convenient highly recommend anyone looking hasslefree experience,positive,positive
worst app please dont use app add money wallet block money cant use wallet money purchase app also mailed customer care app dont solve problem,negative,negative
bad experience day order coming late even charging market rate discount increasing delivery charge range also coupon available fot small order,negative,negative
claim hyperlocal delivery certain item minute ordered item today hour still delivered hour,negative,negative
unable place order due apparent surge demand tried every min hour able place order even schedule delivery later whats use app unable service cart,negative,negative
love saviour last minute daily need itemslot variety lesser delivery time convenient use,positive,positive
disappointed delivery servicei using app past two year last month facing problem get order delivery partner cancelled order without reaching waited whole day service guy providing u cant fulfill requirement time taking order u one thing app showing offer product ordering product get product delivery,negative,negative
pathetic service cheating consumer applied coupon get item worth order got nothing said stock refund dekivery could ordered som appinstead could got better offer item stock mentioned app terrible experience,negative,negative
bad experience zeptoi didnt get refund back showing refund completed even mailed customer care service consuming much time mine,negative,negative
easy use app fast delivery excellent selection grocery everyday essential item,positive,positive
request refund exchange dear zepto team ordered uk size shoe dont fit customer service informed shoe returned exchanged disappointing sizesensitive item restrictive policy feel unfair waste money kindly request replacement refund shoe clear communication nonreturnable item purchase crucial avoid issue hope youll address matter promptly,negative,negative
extremely poor service ordering app show min delivery never time never shown delivery time take usual time like anyother app min show incorrect data complainedany time servicebut guess strategy make u fool,negative,negative
credit promotional balance wallet automatically increase price maximum product perticular account perticularly account see fake high demand message disabled wallet also provide false information expiry wallet balance,negative,negative
great app everything perfect blinkit doesnt deliver bad stuff fresh original product affordable rate great step towards society many old handicapped people cant go market household product greatly benefitted keep great work never con customer sending stale expired product trust dont ever break,positive,positive
app fine payment ordering option terrible pressed order option mistake two step confirmation like apps order confirmed wasnt way cancel order get customer service either zepto cash unable use please look two step confirmation order people dont make mistake,negative,negative
slowest app ever witnessed bada khiladi app one bear witness fact huge difference rate product searched price price placing order cart smart app ever seen,negative,negative
show rupee free zepto wallet cart saying place atleast two order two use placed order showing place order placed order showing use th order order showing use th order showing use order zero point zero rating zepto waste money time download zepto,negative,negative
lack customer support using blinkit today connect chat support issue related order surprised see dont provide option connect customer support mean pathetic sure blinkit able grow big without basic thing going use blinkit ever dont introduce chat support app,negative,negative
bad ux experience voucher redemption way go easily back sub par product ambani think pet project careful scam voucher one time redeem regardless order amount cant easily redeemed across platform,negative,negative
worst appvery slowcancelled order twice weekwhen asked said technical glitchworst,negative,negative
delivering wrong item updating cart history also wrong item absolutely done unnecessary item use customer support also showing unavailable,negative,negative
kindly hire responsile delivery person recently terrible experience delivery guy promised deliver missing item never due commitment complaint window also got lapsed im left less quantity delivered paid already also jio mart customer support practically available,negative,negative
worst app ever jio mart gift card r today made purchase r jio mart didnt give rest r jio mart wallet worst app flipkart amazon myntra app problem jio mart never gon na use app,negative,negative
rotten product delivered product support app support chat hang delivery delay update delivery person stuck overall bad experience,negative,negative
best app grocery also price reasonable almost every single thing need available delivery also time really thankful blinkit team making life easier much better,positive,positive
bad ordered milk item pm mentioned get product delivered min yet delivered also customer service poor response support poor first time facing issue earlier one issue bad quality dabur honey uploaded every detail issue addressed quickly took long time reply time closing request,negative,negative
even zepto pas need ensure free delivery applied platform order surpasses minimum amount criterion order anything cant cancel another way making money taking advantage even zepta pas customer needed take care delivery fee inbuilt ridiculously unacceptable behaviour looting people anyhow,negative,negative
worst app disappointing experience app wallet wanted use option available initially disappeared emailed zepto resolve issue supportive didnt respond extremely frustratingand also provide call centre,negative,negative
show fake time delivery order come min night give traffic issue night first min delivery time improve first write lighting delivery pick phone also give according order showing min minute,negative,negative
im getting zepto cash number since beginning number im unable use zepto cash showing unavailable offer keep changing really annoying pissing cant even report moreover email provided help customer doesnt respond emailed n number time,negative,negative
payment taken delivery customer care number call amount deducted account delivery nothing order history list payment taken dec already sent email dec one bothered respond refund delivery done,negative,negative
here sample email chat message send zepto hi zepto support im writing report issue daily credit although receive message stating credited wallet amount reflecting balance ive receiving message daily getting frustrating could please look matter resolve issue requesting stop sending daily message issue resolved thanks nitin,negative,negative
customer support responding resolution disappointed support team issue couldnt solve team get low quality vegetable complained couldnt get proper response gave star resolving issue time,neutral,negative
worst experience ever dont use application anymore order grocery item first delayed order cancled order refund money fraud guy dont use application,negative,negative
useless service order oct deepawali gift first confirmed delivery th midnight th rescheduled th november cancellation order provision application customer care also show helplessness cancelling order please dont trust app,negative,negative
app provides huge discount product fastest delivery time till date give big discount thing veggie stationery everything delivered min much satisfied app,positive,positive
recent update made app absolute trash glitch much add useless stuff cart cart list change god know thing get removed useless thing get added crash much mention sign app frustrates much,negative,negative
stop giving false promise minute delivery first last order zepto still waiting past minute receive order worst experience back best appblinkit,negative,negative
experience jio mart really really bad third order first time ordered many item order arrived many week late many call second time ordered two item shampoo expired cream also near expiry third time checking something app order placed without even asking confirmation customer service team ignorant rude doesnt help last order,negative,negative
world worst service ever got blinkit first time face issue second time first cancel order working way youre business mistake order different address time try cancell order worst app cancel order working always dont ever use worst app,negative,negative
pathetic service first delivered order late item missing asked refund took lot time initiate refund kept communicating initiated reach business day today almost month still havent got refundi written mail twice replying,negative,negative
app friendly people super low vision adapt dark mode depending upon phone dark theme setting lot trouble using itrequest please make change urgently interest half blind people like,negative,negative
superb slow app click add cart stucked app crash hr hardwork able add product cart checkout website responding bad launched product without testing use app end user able place order,negative,negative
actually dont review stuff delivery really quick open app right away hope u guy keep impressive work long ahead,positive,positive
fake app trying purchase memory card today product page mentioned two coupon code used product checkout checking tried apply coupon didnt work scam app god would provide coupon allow u use mind,negative,negative
amazing app live saviour one drawback charge little extra everytime dilvery either rupess add proper amount free delivery work,positive,positive
